,bs_pc_50,pv_pc_50,npv_pc_50,red,blue,green,nir08,swir16,emad,smad,bcmad,ndvi,mndwi,evi,ndbi,bs_jan_apr,pv_jan_apr,npv_jan_apr,bs_may_aug,pv_may_aug,npv_may_aug,bs_sep_dec,pv_sep_dec,npv_sep_dec,dem,class_id,lulc,geometry
13,23.0,65.0,14.0,752.0,659.0,1160.0,4316.0,2628.0,1056.9393,0.0012744665,0.047043882,0.7032359905288083,-0.38753959873284055,2.292551138556542,-0.24308755760368664,51.0,36.5,41.0,63.5,64.0,17.0,24.0,78.0,16.0,1.5444651,7,mangroves,POINT (171.36449271065706 7.119348732244093)
15,41.0,33.0,26.0,2152.0,1912.0,2036.0,3456.0,3409.0,753.58923,0.0011497736,0.032863382,0.23252496433666192,-0.252157943067034,1.6067028092656481,-0.006846321922796795,38.0,35.0,28.0,51.0,35.5,21.0,39.0,38.0,37.0,2.9363122,4,buildup,POINT (171.36470161150308 7.120116621822147)
16,50.0,21.0,40.0,3286.0,2780.0,3057.0,3487.0,4269.0,1328.5062,0.0020114183,0.05054324,0.029676657315812788,-0.16543816543816545,0.21346644010195412,0.10082516761217122,46.5,24.0,29.0,28.0,14.0,53.5,30.0,17.0,59.0,2.80295,4,buildup,POINT (171.364574181987 7.120346153780134)
17,46.0,24.0,38.0,2548.0,2261.0,2456.0,3483.0,3475.0,473.0891,0.00058469176,0.02029333,0.15503233294644336,-0.1718091384252234,1.288233673188206,-0.0011497556769186547,40.0,37.0,24.5,49.0,36.5,22.5,37.0,44.0,23.5,3.3911862,4,buildup,POINT (171.36440915031864 7.120158354914074)
18,46.0,24.0,38.0,2548.0,2261.0,2456.0,3483.0,3475.0,473.0891,0.00058469176,0.02029333,0.15503233294644336,-0.1718091384252234,1.288233673188206,-0.0011497556769186547,40.0,37.0,24.5,49.0,36.5,22.5,37.0,44.0,23.5,3.3911862,4,buildup,POINT (171.36457836000392 7.119943429449543)
19,34.0,34.0,31.0,1804.0,1470.0,1808.0,3605.0,3149.0,508.25113,0.0006633997,0.021236312,0.33296357921981884,-0.2705265281420214,1.3223201174743024,-0.0675155463429079,34.0,30.0,40.0,35.5,27.0,55.0,22.0,29.0,52.0,2.316697,4,buildup,POINT (171.36535964916806 7.120212607927827)
20,27.0,39.0,59.0,2517.0,2233.0,2594.0,5463.0,4345.0,1896.7751,0.0034870207,0.058673907,0.36917293233082704,-0.25234183599942356,1.9287678407751736,-0.11398858075040783,19.0,20.0,79.0,39.5,17.5,81.0,18.0,19.0,80.0,5.677763,4,buildup,POINT (171.36557481703943 7.119724330569996)
21,37.0,15.0,47.0,1600.0,1405.0,1738.0,3361.0,3551.0,959.6557,0.0015132725,0.04665079,0.3549687562991332,-0.34278691624125546,1.8158383171787997,0.027488425925925927,48.0,32.0,19.0,45.0,27.5,25.0,40.0,37.0,26.0,2.8587499,4,buildup,POINT (171.3641480242611 7.120235561123995)
22,12.0,15.0,81.0,3017.0,2460.0,2886.0,3937.0,4020.0,950.5372,0.0012248755,0.03414811,0.13229795800977853,-0.16420503909643788,0.6406685236768802,0.010431066985044615,36.5,36.0,30.0,41.0,35.5,24.0,35.0,46.0,26.0,3.7077618,4,buildup,POINT (171.3652635547789 7.120586118884503)
23,39.0,52.0,11.0,546.0,483.0,737.0,3532.0,2043.0,457.13937,0.000608176,0.028233841,0.7322216772927905,-0.4697841726618705,2.3426957476855486,-0.26708520179372197,33.0,36.0,39.0,34.0,52.0,19.0,17.0,57.0,30.0,0.0,1,forest,POINT (171.36340015923233 7.120296074090136)
24,39.0,43.0,16.0,1385.0,1141.0,1441.0,3561.0,2605.0,548.2886,0.0008234978,0.027841594,0.43995147594015366,-0.28769154720711815,1.641273193543521,-0.15504378851767758,35.5,49.0,16.5,39.0,57.0,12.0,27.0,62.0,10.0,4.1485744,1,forest,POINT (171.36374693463677 7.120183394767383)
25,17.0,49.0,33.0,1984.0,1955.0,2021.0,2489.0,2953.0,665.03,0.0017212033,0.033604685,0.11289961994187346,-0.18737434660233213,-4.702048417132216,0.0852627710400588,48.0,19.0,41.0,41.5,9.0,58.0,26.0,8.5,83.0,2.9417996,4,buildup,POINT (171.3631766353271 7.121174554515061)
26,44.0,28.0,30.0,2064.0,1707.0,1956.0,3512.0,3533.0,960.5963,0.00073102117,0.044733834,0.25968436154949787,-0.2873018764802332,1.1698174179996768,0.0029808374733853796,53.5,28.0,23.0,50.0,32.0,17.5,50.0,39.0,12.0,3.3847618,4,buildup,POINT (171.36396419151663 7.120836517118661)
27,53.0,37.0,23.0,1054.0,818.0,1122.0,3578.0,3952.0,1140.8027,0.002150327,0.048183635,0.5449050086355786,-0.5577453685455263,1.674628450106157,0.04966799468791501,58.0,26.0,17.5,42.0,43.0,15.0,54.5,34.0,18.0,2.7395415,4,buildup,POINT (171.3637323115775 7.120938763024449)
28,28.0,27.0,50.0,2579.0,2113.0,2378.0,3766.0,4096.0,1350.9788,0.0015270114,0.056423053,0.18707643814026792,-0.26536916898362684,0.8744658906733461,0.041974052403968454,44.5,27.0,26.0,40.0,32.5,25.5,42.5,32.0,23.0,2.8990579,4,buildup,POINT (171.36448226561475 7.121111955016254)
29,18.0,17.0,74.0,2497.0,2033.0,2309.0,4011.0,4538.0,774.6623,0.00089490414,0.028885555,0.23263675476336818,-0.3255440338834526,1.0102762578406512,0.06164463679962569,47.5,21.0,40.0,54.5,14.5,31.5,43.0,16.0,41.0,3.7826805,4,buildup,POINT (171.365150748322 7.120778090876413)
30,40.0,36.0,28.0,2066.0,1846.0,2154.0,3946.0,3271.0,643.62164,0.0011308193,0.027591502,0.31270791749833665,-0.20589861751152075,1.8815052041633307,-0.0935291672440072,38.0,32.0,31.0,44.0,37.0,20.0,33.0,45.0,43.0,2.8892758,4,buildup,POINT (171.3649355804506 7.120394146811184)
31,30.0,34.0,50.0,1879.0,1624.0,1880.0,3776.0,3653.0,1014.60864,0.00081682205,0.04320927,0.3354553492484527,-0.3204409904211097,1.6518634622082897,-0.0165567371113205,53.5,22.0,28.0,34.5,28.5,41.0,32.5,28.0,47.0,2.9615302,3,grassland,POINT (171.36480815093455 7.121385306097406)
32,39.0,41.0,23.0,1604.0,1367.0,1706.0,3370.0,2678.0,638.7758,0.0018495321,0.031121159,0.3550462404503418,-0.22171532846715328,1.609845031905196,-0.11441798941798942,50.5,34.5,22.0,41.0,51.0,13.5,24.5,39.0,42.0,1.8451219,3,grassland,POINT (171.36309516399714 7.120471352980893)
33,24.0,18.0,58.0,2247.0,1906.0,2107.0,3407.0,3074.0,668.4073,0.0018050671,0.03141323,0.20516448532012735,-0.1866435051148427,1.117533718689788,-0.05138095972843697,40.0,46.5,18.5,32.0,55.0,14.0,32.5,61.0,13.0,1.5330758,3,grassland,POINT (171.36252068667056 7.12130810008358)
34,31.0,38.0,45.0,1802.0,1604.0,1878.0,3692.0,3992.0,1234.4426,0.0025392175,0.057832852,0.3440116490717146,-0.36013628620102217,1.9090909090909092,0.039042165538781884,49.0,25.0,30.0,44.5,32.0,21.0,45.0,33.0,33.0,4.3897343,4,buildup,POINT (171.3590007074151 7.12415010737104)
35,46.0,43.0,13.0,1835.0,1502.0,2056.0,4209.0,3190.0,815.5679,0.0017304718,0.03342644,0.3927862342819325,-0.2161646969119329,1.5006321112515804,-0.13772131369103932,44.0,40.0,22.0,42.0,40.0,23.0,44.0,49.0,16.0,2.4668124,4,buildup,POINT (171.35988226898533 7.12462168688301)
36,49.0,27.0,28.0,1892.0,1710.0,1880.0,3992.0,4723.0,2001.5964,0.013069093,0.07755418,0.35690006798096535,-0.4305618658185673,2.0833333333333335,0.08387837062535858,45.0,24.0,27.0,57.0,20.5,26.0,71.0,23.0,49.0,3.170312,4,buildup,POINT (171.35996582932373 7.123307105602899)
37,21.0,47.0,50.0,1995.0,1865.0,1939.0,3625.0,4148.0,789.8323,0.0015957057,0.03260397,0.2900355871886121,-0.36290455068178085,2.533416226297793,0.06728418885887046,45.0,26.0,27.0,45.0,17.5,39.0,45.0,23.0,34.5,2.7052994,4,buildup,POINT (171.36023322240663 7.1238830178719)
38,48.0,32.0,31.0,1920.0,1490.0,1742.0,3655.0,3177.0,1000.51215,0.0019048452,0.047199,0.3112107623318386,-0.2917259605610896,1.0841039740064984,-0.06996487119437939,34.5,51.0,21.0,41.0,54.0,17.0,32.5,58.0,14.5,4.902946,4,buildup,POINT (171.36177073263337 7.124158453915348)
39,40.0,37.0,31.0,2986.0,2564.0,2807.0,3748.0,4363.0,1005.871,0.0024017692,0.040786628,0.11315711315711316,-0.21701534170153416,0.7823408624229979,0.07582295647885587,46.0,33.0,26.0,45.0,34.0,19.0,28.0,39.0,37.5,3.7235503,4,buildup,POINT (171.3603502068804 7.124713498766231)
40,36.0,48.0,17.0,1676.0,1429.0,1830.0,3952.0,3607.0,866.7539,0.0014156401,0.03766099,0.40440653873489696,-0.3268346514622034,1.728695123803737,-0.045640957798650614,33.0,46.0,18.0,46.0,44.5,14.0,35.0,46.0,19.0,3.148493,4,buildup,POINT (171.3615492977366 7.124905469007299)
41,41.0,37.0,23.0,1627.0,1369.0,1533.0,3496.0,3584.0,993.9446,0.0019434988,0.04804088,0.3648252976771423,-0.4008207934336525,1.5619254554571285,0.012429378531073447,46.0,38.0,22.5,56.0,38.0,16.0,35.5,45.0,25.0,3.3463812,4,buildup,POINT (171.35886701087367 7.123565848886901)
42,52.0,30.0,22.0,1682.0,1474.0,1699.0,3590.0,3516.0,1041.0919,0.002685666,0.049574375,0.3619119878603945,-0.34841802492809204,1.8150684931506849,-0.010413734871939206,42.0,35.0,30.0,39.0,35.0,24.0,41.0,38.0,22.5,3.1936066,4,buildup,POINT (171.35921796429497 7.123661834261084)
43,51.0,22.0,31.0,2167.0,2040.0,2209.0,3200.0,3734.0,767.3792,0.0011710525,0.030901182,0.19247251723495434,-0.2566044085478714,2.859911406423034,0.07701182578598212,57.0,26.0,34.5,38.0,24.5,39.0,35.0,28.0,47.0,3.071279,4,buildup,POINT (171.35970261425774 7.122910643832327)
44,45.0,44.0,15.0,2298.0,2079.0,2215.0,3628.0,3196.0,1586.3793,0.003713429,0.07408753,0.22443469456631793,-0.1812973572352615,1.8224171005755,-0.06330597889800703,48.0,35.0,17.0,31.0,48.0,21.0,37.0,48.0,20.0,3.7541547,4,buildup,POINT (171.35868735614608 7.123014975910891)
45,21.0,65.0,13.0,1556.0,1265.0,1665.0,4590.0,3503.0,1479.1825,0.0033322573,0.06575939,0.4936544093719492,-0.3556501547987616,1.708525734880054,-0.1343136043494378,36.0,42.0,29.0,24.5,46.0,32.0,17.0,48.0,43.0,2.2657394,4,buildup,POINT (171.35783504069428 7.124246092621283)
46,32.0,37.0,23.0,2120.0,1852.0,2114.0,3735.0,3966.0,816.25714,0.0019062161,0.03403592,0.27583262169086253,-0.3046052631578947,1.573460639127046,0.02999610440202571,47.5,36.0,22.0,53.5,37.5,14.0,43.0,46.0,12.0,3.958244,4,buildup,POINT (171.3590842677535 7.125222637053207)
47,40.0,51.0,13.0,2376.0,1973.0,2319.0,3870.0,3346.0,1848.9432,0.0062285066,0.077723846,0.23919308357348704,-0.18128861429832305,1.1217900585673524,-0.07261640798226164,40.0,52.0,23.0,31.5,60.5,10.5,29.5,62.0,16.0,3.1393032,4,buildup,POINT (171.3582653764371 7.12500562736161)
48,38.0,59.0,10.0,1718.0,1680.0,1841.0,3508.0,2687.0,1081.7983,0.002865672,0.055106185,0.3425181783390739,-0.1868374558303887,3.677074774034511,-0.13252623083131557,44.0,50.0,13.5,39.0,56.0,11.0,38.0,58.0,15.0,2.5505066,4,buildup,POINT (171.3572877204777 7.124458929407877)
49,49.0,49.0,27.0,2651.0,1853.0,2183.0,3939.0,3138.0,1404.0122,0.002835989,0.054972228,0.19544764795144157,-0.17947754181544823,0.5413129360342943,-0.11318355235269181,53.0,40.0,22.5,44.0,40.5,22.0,41.0,45.0,23.5,4.7726626,4,buildup,POINT (171.3575718256283 7.123344665121046)
50,26.0,69.0,5.0,1228.0,1050.0,1350.0,3892.0,2652.0,1460.4965,0.003359586,0.07123602,0.5203125,-0.32533733133433285,1.9669226225634968,-0.18948655256723718,44.5,53.0,11.0,35.0,59.5,14.0,38.0,61.0,3.0,5.2772336,4,buildup,POINT (171.35712895583472 7.124600820543318)
51,28.0,60.0,17.0,1237.0,1096.0,1282.0,3634.0,2604.0,1183.8875,0.0032209158,0.06414407,0.492096078833915,-0.3401955738548636,2.1122664786746563,-0.1651170246873998,48.0,39.0,26.0,45.0,49.5,19.0,38.0,47.0,25.5,6.0183525,4,buildup,POINT (171.35703286144556 7.123670180814396)
52,28.0,60.0,17.0,1237.0,1096.0,1282.0,3634.0,2604.0,1183.8875,0.0032209158,0.06414407,0.492096078833915,-0.3401955738548636,2.1122664786746563,-0.1651170246873998,48.0,39.0,26.0,45.0,49.5,19.0,38.0,47.0,25.5,6.0183525,4,buildup,POINT (171.35695347912406 7.123853804948364)
53,29.0,59.0,23.0,620.0,557.0,796.0,3686.0,1741.0,867.0736,0.00091040134,0.063017815,0.7120297259637715,-0.37248718959400867,2.3734324198792383,-0.3583932190897365,46.0,54.0,15.0,32.5,60.5,12.5,38.0,58.0,21.5,5.4992747,4,buildup,POINT (171.35631006451834 7.124479795754113)
54,21.0,67.0,12.0,1501.0,1430.0,1569.0,3207.0,2442.0,919.9068,0.0030487478,0.05331769,0.3623619371282923,-0.21765145848915482,2.864338482202821,-0.13542219861922464,38.0,53.0,13.0,29.0,63.0,12.0,30.0,61.0,8.0,4.178785,4,buildup,POINT (171.3558379486063 7.123703567026116)
56,14.0,69.0,14.0,1025.0,865.0,1219.0,3883.0,2309.0,974.70703,0.0015653074,0.051508144,0.5823145884270579,-0.3089569160997732,2.0146623431552233,-0.2541989664082687,37.0,56.0,16.0,22.0,70.5,8.0,29.0,69.0,5.0,4.0405235,4,buildup,POINT (171.35729607651155 7.125132911904879)
57,29.0,51.0,34.0,1460.0,1311.0,1607.0,3649.0,2524.0,877.9649,0.0021194816,0.041963566,0.42845958113133686,-0.22198015008472524,2.1231813773035886,-0.1822452616231978,38.5,50.0,29.0,39.0,44.5,39.0,33.0,57.0,19.5,3.9531925,1,forest,POINT (171.356694442075 7.124878342782524)
58,37.0,62.0,11.0,927.0,727.0,1057.0,4007.0,2647.0,1086.4409,0.002111733,0.062706925,0.6242399675719498,-0.4292656587473002,1.870066788099575,-0.2043883378418996,39.0,56.0,34.0,29.0,57.0,16.0,22.0,54.0,43.0,4.5808764,1,forest,POINT (171.35811914584488 7.124481882388683)
59,14.0,85.0,7.0,368.0,360.0,628.0,3781.0,1208.0,684.04114,0.00038281083,0.040615894,0.8226078573150156,-0.3159041394335512,2.5934650455927053,-0.5157346161555422,18.0,74.0,8.5,6.0,90.0,8.5,7.0,88.0,9.0,10.00295,1,forest,POINT (171.3540377455657 7.12425287418711)
60,17.0,72.0,12.0,323.0,340.0,517.0,3175.0,1469.0,899.60144,0.0010721982,0.06853085,0.8153230417381361,-0.47935548841893255,2.780811232449298,-0.3673557278208441,32.5,60.0,18.0,33.5,68.0,15.0,14.5,75.0,13.5,10.90174,1,forest,POINT (171.35625209453355 7.123338926861535)
61,38.0,49.0,25.0,2015.0,1597.0,1877.0,3393.0,2708.0,1556.449,0.0024724603,0.08502725,0.2548076923076923,-0.1812431842966194,0.9824611435904749,-0.11227667595476151,42.0,55.5,14.5,30.0,54.0,15.5,28.0,56.0,21.5,5.642153,1,forest,POINT (171.35694982335926 7.123451605398702)
62,15.0,72.0,9.0,873.0,786.0,1067.0,2789.0,1471.0,1991.8022,0.0062482655,0.131763,0.523211359912616,-0.15918045705279749,2.2456633849038914,-0.30938967136150236,33.0,61.0,15.0,14.0,75.0,15.0,13.0,78.0,16.0,2.949152,1,forest,POINT (171.35600976955217 7.124686894188355)
63,13.0,75.0,13.0,475.0,446.0,719.0,3379.0,1926.0,813.3825,0.0020591617,0.050855346,0.753502854177478,-0.4563327032136106,2.516464471403813,-0.2738925541941565,19.0,73.0,8.5,16.0,83.5,16.0,16.0,84.0,6.0,5.8322663,1,forest,POINT (171.3539500072104 7.124590909031629)
64,7.0,88.0,6.0,403.0,405.0,776.0,4270.0,1394.0,1022.97144,0.0008581877,0.05065542,0.8275197945645196,-0.2847926267281106,2.647542105983842,-0.507768361581921,14.5,77.0,16.5,7.0,89.5,9.5,7.0,92.0,4.0,6.3363137,1,forest,POINT (171.35427589253018 7.123831373595092)
65,11.0,78.0,19.0,420.0,397.0,724.0,3353.0,1772.0,847.83545,0.0018538237,0.058243476,0.7773654916512059,-0.4198717948717949,2.531503538753668,-0.3084878048780488,22.0,65.0,20.0,17.0,76.0,16.0,18.0,71.0,19.5,0.0,1,forest,POINT (171.35310186977551 7.123676962388855)
66,26.0,69.0,19.0,1184.0,977.0,1209.0,3261.0,3168.0,1756.2263,0.0019283891,0.09265045,0.4672665916760405,-0.44756682659355723,1.7089024189567221,-0.014465702286514233,19.0,71.0,11.0,11.0,81.0,10.0,11.5,86.0,6.0,1.4489342,1,forest,POINT (171.3527926965234 7.124582562495299)
67,9.0,83.0,6.0,423.0,448.0,748.0,3315.0,1574.0,1500.4316,0.003022194,0.08266765,0.7736757624398074,-0.35572782084409993,2.8989574979951884,-0.35610554305583964,23.0,72.0,15.0,13.0,84.0,5.5,9.0,90.0,6.0,2.2187755,1,forest,POINT (171.3525670836097 7.124311299980758)
68,11.0,85.0,5.0,386.0,386.0,623.0,3825.0,1389.0,861.7158,0.0006413162,0.053117022,0.8166706245547376,-0.38071570576540753,2.647828765013859,-0.4672036823935558,21.5,75.0,13.0,12.0,84.0,53.0,14.0,85.0,8.0,6.271918,1,forest,POINT (171.34843502487536 7.124019170937063)
69,10.0,71.0,15.0,432.0,415.0,682.0,3453.0,1775.0,957.90015,0.0016132295,0.059453577,0.7776061776061776,-0.44485144485144484,2.5745696267257543,-0.32096403978576893,36.0,75.0,11.0,18.0,81.5,11.5,16.0,86.0,15.0,10.410595,1,forest,POINT (171.34787517060803 7.124578389227077)
70,5.0,92.0,9.0,371.0,400.0,744.0,4412.0,1546.0,635.6121,0.00048324466,0.034879267,0.8448672381350617,-0.3502183406113537,2.776174773289365,-0.4810339039946291,18.0,80.0,5.0,11.0,87.0,18.0,9.0,90.0,45.0,10.525571,1,forest,POINT (171.34769133786352 7.123956571831732)
71,9.0,89.0,8.0,359.0,391.0,699.0,3996.0,1536.0,927.458,0.0006043315,0.049140885,0.8351320321469575,-0.374496644295302,2.8250737921391953,-0.44468546637744033,18.0,72.0,10.0,6.0,87.0,7.0,13.0,89.0,6.5,6.159523,1,forest,POINT (171.34822612402934 7.123426565726199)
72,25.0,60.0,39.0,509.0,478.0,696.0,2938.0,1310.0,1107.8391,0.003962517,0.0846345,0.7046707281694227,-0.30608175473579263,2.5218023255813953,-0.3832391713747646,23.0,77.0,8.0,33.0,83.0,12.0,7.5,90.0,9.5,5.927621,1,forest,POINT (171.3471105935116 7.124394765387171)
73,8.0,93.0,11.0,338.0,371.0,614.0,4262.0,1331.0,599.0521,0.0004132688,0.03540992,0.8530434782608696,-0.3686375321336761,2.7960666951688755,-0.5240479170391561,18.0,77.0,8.5,12.5,85.0,8.0,8.0,91.0,5.0,11.1611395,1,forest,POINT (171.34723175600226 7.123439085562623)
74,7.0,91.0,6.0,341.0,375.0,655.0,4076.0,1261.0,676.96375,0.00071549416,0.037639163,0.845596558750283,-0.3162839248434238,2.8205709107385593,-0.5274498782087315,18.0,77.0,8.5,9.0,88.5,25.0,6.0,93.0,7.0,13.503609,1,forest,POINT (171.34687662456403 7.12357680374042)
75,8.0,77.0,15.0,401.0,405.0,671.0,3677.0,1414.0,977.14856,0.0017553568,0.063412,0.8033349681216283,-0.3563549160671463,2.688330871491876,-0.4445099194657238,33.5,71.0,5.5,9.5,87.5,13.0,12.0,88.0,24.0,8.079384,1,forest,POINT (171.34639615261818 7.123893972717743)
76,7.0,92.0,13.0,383.0,411.0,753.0,3988.0,1321.0,808.19073,0.00097072124,0.049338583,0.8247540608556394,-0.2738669238187078,2.812451240443127,-0.5023544923714447,28.0,78.0,34.0,19.5,90.0,11.0,17.0,91.5,3.0,5.2524295,1,forest,POINT (171.34645046683815 7.123146955955817)
77,16.0,66.0,23.0,876.0,743.0,998.0,3478.0,2886.0,1272.7152,0.004292488,0.078610465,0.5976113918236104,-0.486096807415036,2.056916996047431,-0.09302325581395349,24.0,68.0,15.0,27.0,78.0,16.0,16.0,80.0,14.0,5.746388,1,forest,POINT (171.34847262702766 7.12454082981134)
78,10.0,96.0,9.0,374.0,388.0,662.0,4367.0,1183.0,840.8307,0.0002296567,0.04348579,0.8422273781902552,-0.2823848238482385,2.696515397082658,-0.5736936936936937,34.0,81.0,18.0,33.0,83.5,21.0,28.0,96.0,13.0,17.00776,1,forest,POINT (171.3437222217891 7.124090116579304)
79,13.0,99.0,13.0,373.0,381.0,670.0,4641.0,1217.0,785.89355,0.00027161837,0.042310808,0.8512165935380933,-0.2898781134075252,2.6525792417650713,-0.5844998292932742,45.0,84.0,12.0,31.0,89.0,64.5,19.0,99.0,11.0,15.834201,1,forest,POINT (171.34337126836778 7.123426565726201)
80,10.0,85.0,7.0,414.0,418.0,685.0,4080.0,1396.0,621.5674,0.0006863773,0.04024586,0.8157543391188251,-0.34166266218164343,2.67201166180758,-0.49013878743608474,19.5,71.0,15.0,23.0,84.0,12.0,12.0,88.0,6.0,9.583144,1,forest,POINT (171.34510514538977 7.123585150295305)
81,8.0,66.0,23.0,535.0,479.0,757.0,3450.0,1917.0,1165.0077,0.00222677,0.06430204,0.7314930991217063,-0.4338070306656694,2.3749388952256805,-0.2856344326439352,17.0,69.0,15.0,17.0,81.5,11.5,16.0,90.0,9.0,8.736389,1,forest,POINT (171.34438652647944 7.124582562495299)
82,19.0,99.0,9.0,384.0,396.0,691.0,4711.0,1215.0,752.7435,0.00029838085,0.041126322,0.8492639842983317,-0.27492130115424973,2.6736282748393476,-0.5899426257171785,37.5,83.0,17.0,35.0,89.0,27.5,25.0,97.0,9.5,17.33359,1,forest,POINT (171.34319996967403 7.123468298512933)
83,41.0,99.0,12.0,355.0,383.0,640.0,4272.0,1202.0,661.213,0.00024747849,0.0362873,0.8465528420142641,-0.30510314875135724,2.7736864466789406,-0.5608330288637194,34.0,81.0,12.0,38.0,97.0,21.0,18.0,95.5,5.0,14.025349,1,forest,POINT (171.3431957916571 7.122833959739252)
84,8.0,88.0,7.0,395.0,414.0,651.0,3837.0,1268.0,757.1849,0.0007183552,0.04468156,0.8133270321361059,-0.3215216258467952,2.7731227844021915,-0.503232125367287,19.0,74.0,15.0,12.5,85.0,9.5,5.0,87.5,10.0,7.6339316,1,forest,POINT (171.3449672708314 7.123848066695313)
85,30.0,78.0,12.0,377.0,392.0,645.0,4089.0,1190.0,851.62695,0.00074902177,0.04680618,0.8311688311688312,-0.2970027247956403,2.719812426729191,-0.5491570373176738,33.0,78.0,10.5,32.0,92.5,22.0,20.5,96.0,10.5,13.587372,1,forest,POINT (171.34298689081112 7.123852239970272)
86,17.0,80.0,12.0,382.0,395.0,626.0,3778.0,1133.0,732.981,0.00070917606,0.040739622,0.8163461538461538,-0.28823194997157475,2.731220846067235,-0.5385868458562411,31.0,69.0,13.0,14.0,92.5,22.0,14.0,91.0,9.0,14.390546,1,forest,POINT (171.3420259469194 7.123923185638684)
87,8.0,92.0,7.0,349.0,373.0,632.0,4261.0,1215.0,672.8179,0.00029808283,0.04034747,0.848590021691974,-0.3156469951272334,2.748349023464943,-0.556245434623813,15.0,80.0,16.5,20.5,91.0,15.5,10.0,93.0,7.5,14.811652,1,forest,POINT (171.34262340333902 7.123380659656349)
88,8.0,92.0,7.0,349.0,373.0,632.0,4261.0,1215.0,672.8179,0.00029808283,0.04034747,0.848590021691974,-0.3156469951272334,2.748349023464943,-0.556245434623813,15.0,80.0,16.5,20.5,91.0,15.5,10.0,93.0,7.5,14.811652,1,forest,POINT (171.34264011540668 7.123309713902877)
89,8.0,96.0,9.0,354.0,374.0,607.0,4080.0,1140.0,615.8723,0.00034692883,0.038477995,0.8403247631935047,-0.30509444762449917,2.739705882352941,-0.5632183908045977,20.0,79.0,11.0,12.5,94.5,40.0,9.0,93.0,7.0,12.229,1,forest,POINT (171.34181286805645 7.123393179494044)
90,18.0,75.0,15.0,397.0,417.0,707.0,3656.0,1116.0,969.20264,0.001262486,0.05862397,0.8040957315568714,-0.22435545803620405,2.7983857118323887,-0.5322715842414082,31.5,72.0,5.0,26.5,92.0,13.5,11.0,94.0,12.0,16.357624,1,forest,POINT (171.34123212370451 7.123797987392805)
91,6.0,97.0,5.0,376.0,386.0,630.0,4055.0,1152.0,689.0876,0.00030994415,0.042699248,0.8302866170164749,-0.29292929292929293,2.6916886157448054,-0.5575187247935471,24.0,76.0,12.0,11.5,93.0,13.5,26.0,93.0,9.0,14.231962,1,forest,POINT (171.34136999826288 7.123389006214851)
92,8.0,91.0,6.0,347.0,386.0,627.0,4095.0,1279.0,727.40515,0.0005656183,0.043789543,0.8437640702386312,-0.34207764952780695,2.854096862625647,-0.524004465947153,27.0,75.0,4.5,11.5,87.5,37.5,12.5,88.0,5.0,7.230722,1,forest,POINT (171.34291168650654 7.122458363993618)
95,6.0,93.0,2.0,429.0,451.0,737.0,3969.0,1341.0,685.5662,0.00040996075,0.045563728,0.8049113233287858,-0.2906641000962464,2.7993041277874426,-0.49491525423728816,35.0,77.0,6.0,9.0,83.5,15.5,13.5,90.0,6.0,4.653999,1,forest,POINT (171.34012912723747 7.122003475395424)
96,12.0,74.0,16.0,1084.0,892.0,1297.0,3369.0,1795.0,1566.3508,0.0052268207,0.09708075,0.513137210869077,-0.1610608020698577,1.7941268844221105,-0.3048024786986832,32.0,73.5,12.5,27.0,86.5,11.0,11.0,87.0,9.0,9.5167,1,forest,POINT (171.33951078073326 7.122370724941449)
97,6.0,92.0,9.0,434.0,463.0,743.0,4061.0,1338.0,849.0331,0.00085002184,0.05066148,0.8068965517241379,-0.2859202306583373,2.8393612024424613,-0.504352657899611,20.0,79.5,10.0,6.5,89.0,6.5,13.0,89.0,7.5,6.759453,1,forest,POINT (171.33928516781955 7.121665438618082)
98,11.0,85.0,10.0,519.0,508.0,784.0,3768.0,1409.0,644.06506,0.0007805526,0.04163318,0.7578726382085375,-0.28499772001823986,2.6431825577611456,-0.45566930654819393,18.0,73.0,8.0,7.0,89.0,10.0,11.0,91.0,7.0,5.598016,1,forest,POINT (171.3391096911089 7.121072830325111)
100,8.0,97.0,4.0,430.0,434.0,697.0,4017.0,1226.0,704.9708,0.0007145107,0.046402037,0.8066111985608275,-0.2750910036401456,2.682470834579719,-0.5323288193782186,19.0,80.0,2.0,11.0,91.5,39.0,9.0,95.0,8.5,9.75704,1,forest,POINT (171.34123212370451 7.122917425418169)
101,5.0,94.0,10.0,377.0,393.0,656.0,4111.0,1272.0,773.84534,0.0004886091,0.043758698,0.8319964349376114,-0.31950207468879666,2.7243542973880053,-0.527401077466097,21.0,79.0,6.5,6.0,87.0,11.0,8.0,90.0,11.0,10.117531,1,forest,POINT (171.34233929818842 7.122954984968659)
102,9.0,78.0,17.0,403.0,408.0,665.0,3862.0,1118.0,774.9125,0.0013628006,0.04829044,0.8110199296600235,-0.25406618059450364,2.6847252406085067,-0.551004016064257,39.0,78.0,7.5,6.0,89.5,15.5,30.5,93.0,8.0,16.578358,1,forest,POINT (171.3417251297011 7.123877279619217)
103,6.0,79.0,17.0,587.0,566.0,861.0,3580.0,1821.0,1232.6954,0.005551696,0.07159355,0.7182625389968802,-0.3579418344519016,2.618089573128062,-0.3256804295500833,55.0,42.0,32.0,54.0,58.5,35.5,17.5,57.0,44.0,0.0,1,forest,POINT (171.3338558348314 7.120409275048184)
104,24.0,67.0,10.0,1493.0,1373.0,1864.0,1374.0,741.0,2055.0828,0.036964536,0.21002099,-0.04150680153470527,0.4310940499040307,-8.380281690140846,-0.29929078014184396,48.0,42.0,44.0,47.0,51.5,40.0,4.0,63.0,42.0,2.2307103,1,forest,POINT (171.3336197768754 7.121183422776699)
105,7.0,59.0,37.0,558.0,505.0,862.0,4010.0,1718.0,588.2222,0.0009070635,0.03387153,0.7556917688266199,-0.33178294573643413,2.416351672966541,-0.4001396648044693,39.0,70.5,21.0,17.0,80.0,12.0,8.0,88.0,10.0,7.007238,1,forest,POINT (171.31939571826967 7.122587735896752)
107,3.0,82.0,15.0,451.0,451.0,759.0,4376.0,1349.0,929.81683,0.0013139844,0.0397706,0.813134452040605,-0.27988614800759015,2.651668693419808,-0.5287336244541485,25.0,72.0,10.0,50.5,90.0,10.5,5.5,97.0,4.0,12.228625,1,forest,POINT (171.31855593686865 7.123201208611341)
109,4.0,83.0,13.0,476.0,440.0,739.0,4274.0,1398.0,570.93536,0.00042259693,0.03152786,0.7995789473684211,-0.30837622835751055,2.4784651527016446,-0.5070521861777151,29.0,75.0,10.0,52.5,83.5,9.0,7.0,94.5,10.0,13.385541,1,forest,POINT (171.31810888905815 7.123660269282323)
113,10.0,99.0,6.0,386.0,411.0,680.0,4383.0,1181.0,584.1767,0.0006788373,0.03182287,0.8381211994128748,-0.2692101020956475,2.7622667588113337,-0.5754852624011503,29.0,76.0,30.5,56.0,75.0,23.0,20.5,98.0,9.0,13.670577,1,forest,POINT (171.31633323186696 7.124044210576773)
114,13.0,99.0,11.0,408.0,429.0,729.0,4689.0,1233.0,451.90463,0.0002605915,0.025966667,0.8399058269570335,-0.25688073394495414,2.729881392679505,-0.5835866261398176,36.0,73.0,31.5,40.0,79.0,14.0,35.0,99.0,12.0,14.524164,1,forest,POINT (171.3162538495455 7.124561696153802)
115,21.0,99.0,7.0,391.0,407.0,688.0,4433.0,1233.0,493.901,0.00026351213,0.030513255,0.837893864013267,-0.28370640291514837,2.710932260228035,-0.5647723261560184,28.0,75.0,13.0,47.0,68.5,12.0,19.5,99.0,14.0,15.117948,1,forest,POINT (171.31692233225277 7.124599255567805)
118,9.0,88.0,7.0,394.0,410.0,672.0,4143.0,1172.0,549.3707,0.0008249879,0.029371826,0.8263169495261186,-0.27114967462039047,2.7301194290707835,-0.5589840075258702,26.0,76.5,11.0,54.0,92.5,21.0,7.0,95.0,10.5,13.983735,1,forest,POINT (171.31572324139657 7.124974849536348)
119,10.0,85.0,12.0,404.0,418.0,684.0,4181.0,1146.0,468.56656,0.00043171644,0.029983524,0.823773173391494,-0.25245901639344265,2.7203975799481417,-0.5697390651398536,24.5,83.0,31.0,34.5,94.0,16.5,17.0,99.0,15.0,14.688246,1,forest,POINT (171.31617446722402 7.125145953351967)
120,13.0,83.0,12.0,449.0,444.0,711.0,4039.0,1229.0,420.104,0.00044578314,0.027227327,0.7999108734402852,-0.2670103092783505,2.6366039952996476,-0.5334092634776006,34.0,82.0,13.5,46.0,78.5,12.0,17.0,98.0,8.0,13.95877,1,forest,POINT (171.31677610166057 7.125179339454787)
122,6.0,76.0,17.0,495.0,537.0,744.0,3121.0,1218.0,1100.4797,0.00393492,0.061908685,0.7262168141592921,-0.2415902140672783,3.179946718333737,-0.43858031804563263,53.0,48.0,16.0,46.0,83.0,11.0,12.0,90.0,16.0,4.3698707,1,forest,POINT (171.31523859143383 7.124348859415551)
123,10.0,88.0,9.0,431.0,447.0,734.0,4070.0,1183.0,576.59766,0.0004467368,0.034696452,0.808487002888247,-0.23422013562858635,2.753064003631412,-0.5495907100704359,29.0,81.0,39.0,48.5,80.0,26.5,8.0,97.0,45.0,11.699651,1,forest,POINT (171.31430689366056 7.125600838790969)
124,10.0,68.0,18.0,474.0,472.0,787.0,3721.0,1255.0,690.9944,0.0013106167,0.035048544,0.7740166865315852,-0.22918707149853085,2.682584269662921,-0.49557877813504825,30.0,79.0,7.0,20.0,82.5,14.5,14.5,88.0,44.0,11.616035,1,forest,POINT (171.3146912712172 7.126089109808222)
127,3.0,94.0,10.0,393.0,429.0,628.0,3935.0,1312.0,504.09436,0.00047773123,0.031561118,0.8183918669131238,-0.3525773195876289,2.8782707622298065,-0.49990470745187726,74.0,71.5,15.0,14.0,87.5,16.5,3.0,94.0,10.0,12.997608,1,forest,POINT (171.30816103077052 7.132820518899743)
128,14.0,85.0,5.0,518.0,498.0,712.0,3305.0,1348.0,877.02936,0.0011412501,0.057573386,0.7290086319644259,-0.3087378640776699,2.6007838745800673,-0.42058886739737805,23.0,75.0,14.0,23.0,79.5,14.0,10.0,90.0,8.0,4.951436,1,forest,POINT (171.31142824000233 7.129548724394946)
129,9.0,69.0,27.0,915.0,706.0,1013.0,3693.0,1587.0,990.1625,0.0017952025,0.056226034,0.6028645833333334,-0.22076923076923077,1.7858061198251478,-0.39886363636363636,19.0,76.0,13.0,14.0,58.5,24.0,6.0,79.0,18.0,7.2198734,1,forest,POINT (171.31230562355563 7.128296755947896)
130,5.0,97.0,7.0,424.0,445.0,687.0,4048.0,1207.0,689.12976,0.0005853772,0.040929496,0.8103756708407871,-0.27455121436114044,2.78298264475503,-0.540627973358706,38.5,75.0,15.0,47.0,96.0,7.0,4.0,96.0,7.0,14.127755,1,forest,POINT (171.31024168319692 7.130491871668815)
131,6.0,94.0,8.0,430.0,452.0,675.0,3988.0,1231.0,851.459,0.0011727214,0.04451016,0.8053417836124943,-0.291710388247639,2.798049701163888,-0.5282621191799195,57.5,76.0,11.0,16.5,93.5,13.5,5.0,94.0,13.0,14.831919,1,forest,POINT (171.30971525306495 7.131226356678501)
132,4.0,98.0,7.0,363.0,412.0,657.0,3969.0,1247.0,504.7626,0.0006465018,0.031195171,0.832409972299169,-0.30987394957983194,2.948005232177894,-0.5218558282208589,52.0,56.0,10.0,35.0,92.5,37.0,5.0,95.0,3.0,13.020819,1,forest,POINT (171.30826965921048 7.132161154055582)
133,4.0,82.0,12.0,504.0,483.0,729.0,3854.0,1373.0,920.8868,0.0013698637,0.053491354,0.7687012391005048,-0.30637488106565175,2.571779517887302,-0.474650851348766,35.5,68.0,24.0,11.0,78.0,17.0,4.0,85.0,12.0,12.120843,1,forest,POINT (171.30925567120372 7.132111075673682)
135,5.0,93.0,5.0,436.0,451.0,705.0,3837.0,1188.0,985.4263,0.0023580492,0.052320987,0.7959279194945004,-0.2551505546751189,2.7681914374084324,-0.5271641791044777,60.0,69.5,9.0,14.0,89.0,11.0,5.0,94.0,6.5,13.441701,1,forest,POINT (171.3087208850379 7.132394853097747)
136,5.0,88.0,10.0,446.0,441.0,705.0,3837.0,1250.0,575.65247,0.0006328225,0.03628051,0.7917347653513892,-0.27877237851662406,2.6438484328707315,-0.508551208964026,17.5,80.0,11.0,9.0,81.0,11.0,5.0,91.0,8.5,12.857716,1,forest,POINT (171.3035401440565 7.135942055861511)
138,34.0,99.0,5.0,378.0,410.0,676.0,4286.0,1248.0,493.35803,0.00035572052,0.031007834,0.8379073756432247,-0.2972972972972973,2.807471264367816,-0.5489700036140224,28.0,75.0,25.5,32.0,96.0,9.0,20.0,98.0,6.0,13.539481,1,forest,POINT (171.30115867441185 7.137335890266066)
139,2.0,98.0,4.0,364.0,398.0,597.0,3867.0,1221.0,1013.8285,0.0006340742,0.060091894,0.8279366580004727,-0.3432343234323432,2.8553961525921094,-0.5200471698113207,20.0,73.0,10.0,7.0,87.5,8.5,6.0,95.0,11.0,11.856335,1,forest,POINT (171.30019773052013 7.137769897705399)
141,6.0,87.0,10.0,524.0,496.0,762.0,3465.0,1165.0,1000.63574,0.002159834,0.06684531,0.7372775131611933,-0.20913336792942397,2.5441176470588234,-0.49676025917926564,23.0,51.0,57.0,24.0,76.0,17.5,12.0,88.0,12.0,10.156391,1,forest,POINT (171.2999888296741 7.138487678324303)
142,5.0,95.0,26.0,435.0,443.0,689.0,3789.0,1169.0,805.8617,0.00087219477,0.046278685,0.7940340909090909,-0.25834230355220666,2.7246141348497157,-0.5284388866478419,13.0,76.0,27.0,20.0,79.5,23.0,1.5,98.0,10.0,13.886375,1,forest,POINT (171.29805858585686 7.140115199919361)
144,4.0,81.0,16.0,1494.0,1600.0,2067.0,1512.0,691.0,1118.6011,0.014360547,0.09881239,0.005988023952095809,0.49891225525743294,-0.02954694681549573,-0.37267362687244665,32.0,37.0,46.0,50.0,46.0,35.0,65.0,64.0,39.0,6.3564095,1,forest,POINT (171.29587766102435 7.141258634659012)
145,8.0,83.0,10.0,398.0,406.0,645.0,3777.0,1290.0,753.3313,0.00040572882,0.041555554,0.8093413173652695,-0.3333333333333333,2.706664530599167,-0.49082297217288334,23.5,68.0,29.5,26.5,84.5,9.0,6.0,88.0,6.5,10.880723,1,forest,POINT (171.29470781628663 7.142493874772528)
146,4.0,95.0,8.0,443.0,446.0,689.0,3784.0,1255.0,707.96106,0.00044459105,0.040802564,0.7903950792524249,-0.2911522633744856,2.69609425435765,-0.5018852947013296,19.0,75.0,40.5,20.0,84.5,13.5,5.0,92.0,7.0,12.07851,1,forest,POINT (171.2941897421885 7.142635760244766)
148,5.0,79.0,14.0,604.0,567.0,804.0,3460.0,1245.0,1099.5259,0.0020458102,0.05678245,0.702755905511811,-0.21522693997071743,2.520741394527802,-0.4707757704569607,14.5,67.0,35.5,13.0,79.0,15.5,3.0,84.0,14.5,0.0,1,forest,POINT (171.29240990698037 7.143870996588824)
149,7.0,80.0,12.0,517.0,504.0,728.0,3855.0,1519.0,835.764,0.0014216602,0.04582279,0.7634949679780421,-0.35202492211838005,2.6258653241032097,-0.4346855228879792,15.0,67.0,41.5,11.0,78.0,12.0,8.0,82.0,13.0,10.330823,1,forest,POINT (171.29214251389746 7.144204843668911)
150,7.0,78.0,12.0,436.0,437.0,711.0,3806.0,1401.0,592.07117,0.0005309284,0.036764495,0.7944365865157944,-0.32670454545454547,2.678429502463837,-0.4618782408296524,30.0,74.0,15.5,19.0,76.5,12.0,8.0,79.0,11.0,5.1953754,1,forest,POINT (171.28996994509882 7.145798960070117)
151,6.0,81.0,11.0,408.0,418.0,741.0,4141.0,1403.0,575.8612,0.00062799454,0.030877132,0.8206199164651572,-0.3087686567164179,2.7011577424023154,-0.49386724386724384,20.0,72.0,26.0,14.5,77.5,13.0,17.0,81.0,11.0,7.151394,1,forest,POINT (171.28946858306838 7.146775457910446)
152,18.0,87.0,7.0,394.0,419.0,702.0,2881.0,1034.0,963.90515,0.0011943579,0.07566537,0.7593893129770992,-0.1912442396313364,2.9557879724269074,-0.4717752234993614,20.5,76.0,17.0,19.5,79.0,10.5,22.0,85.0,15.0,9.647261,1,forest,POINT (171.28864969175194 7.146725381149548)
153,5.0,85.0,10.0,423.0,428.0,679.0,4074.0,1387.0,645.99164,0.00038945675,0.036512833,0.8118745830553702,-0.3426911907066796,2.6821921833676168,-0.49203442592931695,24.0,76.0,16.0,13.0,82.5,7.0,16.0,85.0,28.5,8.278108,1,forest,POINT (171.28766367975874 7.147643454215823)
154,7.0,93.0,6.0,445.0,456.0,741.0,4529.0,1315.0,604.81616,0.00028651953,0.03288188,0.8210695617209489,-0.2791828793774319,2.701058201058201,-0.5499657768651608,31.0,85.0,13.5,43.0,91.0,12.0,6.5,93.0,6.5,12.201741,1,forest,POINT (171.2861094574643 7.148670024612854)
155,50.0,96.0,3.0,414.0,436.0,676.0,4096.0,1184.0,862.0769,0.00034472346,0.05251413,0.8164079822616408,-0.2731182795698925,2.780126849894292,-0.5515151515151515,30.5,88.0,15.0,26.0,89.5,14.0,38.0,94.0,6.0,14.278332,1,forest,POINT (171.28565823163692 7.149120713317174)
156,6.0,92.0,5.0,407.0,435.0,656.0,3546.0,1292.0,683.16223,0.00042062998,0.042258173,0.7940804452314698,-0.3264887063655031,2.8782321657803043,-0.4658949979330302,19.0,75.0,9.0,8.5,81.0,9.0,5.0,91.0,40.5,6.425395,1,forest,POINT (171.2836527835151 7.150247433106903)
157,6.0,94.0,38.0,388.0,429.0,666.0,4021.0,1289.0,828.4167,0.00045651197,0.045943905,0.8239963710591971,-0.31867007672634273,2.899441340782123,-0.5145009416195857,25.0,79.0,5.0,11.0,87.0,7.0,2.0,93.0,7.0,8.473159,1,forest,POINT (171.2827419758264 7.15055623729834)
158,3.0,96.0,3.0,400.0,423.0,662.0,3773.0,1265.0,733.86273,0.00043472648,0.04483683,0.8082913970764438,-0.3129216398546964,2.8094286190238216,-0.4978165938864629,26.0,78.0,5.0,16.5,85.0,7.0,4.0,92.0,38.0,10.860987,1,forest,POINT (171.284287842087 7.149746669103559)
159,11.0,62.0,37.0,558.0,505.0,745.0,3718.0,1473.0,1014.30927,0.0012143254,0.056238342,0.7390084190832554,-0.32822362488728585,2.408903796310413,-0.43247929108071664,38.5,79.0,19.5,5.0,79.0,15.5,14.5,82.0,15.0,9.807612,1,forest,POINT (171.28579192817836 7.149663208382256)
160,4.0,95.0,3.0,420.0,459.0,686.0,3883.0,1232.0,822.687,0.000911057,0.04945596,0.8047873576574482,-0.2846715328467153,2.923349653891609,-0.5182795698924731,24.0,80.0,6.0,22.5,83.0,10.0,5.0,94.0,45.5,11.896608,1,forest,POINT (171.28071145960305 7.149888552294313)
161,5.0,86.0,9.0,398.0,420.0,647.0,4015.0,1192.0,618.1185,0.00040730834,0.038309727,0.819623838658509,-0.2963567156063078,2.7788875230485557,-0.5421547916266565,20.0,79.0,12.0,8.0,90.0,7.5,5.0,94.0,8.5,11.10046,1,forest,POINT (171.28158884315636 7.150731504448026)
162,9.0,80.0,19.0,487.0,504.0,751.0,3605.0,1399.0,917.2561,0.0015997291,0.054993574,0.7619745845552297,-0.3013953488372093,2.836608442503639,-0.44084732214228617,40.0,59.0,10.0,13.5,83.0,13.5,27.0,83.0,10.0,6.057885,1,forest,POINT (171.26422918285184 7.147534954769013)
163,15.0,57.0,40.0,1107.0,883.0,1246.0,3235.0,2333.0,1167.7615,0.0026173592,0.069374755,0.4900967296176877,-0.3037161218217379,1.6341575794808785,-0.1619971264367816,66.0,46.5,37.0,23.0,64.0,28.0,9.0,68.0,29.5,3.1569467,1,forest,POINT (171.2692595152241 7.148478064472363)
165,6.0,82.0,15.0,477.0,481.0,732.0,3871.0,1205.0,739.26483,0.00063198805,0.04459926,0.7805887764489421,-0.24419204956117707,2.7138973292819446,-0.5252167060677699,52.0,48.0,13.0,11.0,89.5,5.0,9.0,93.0,8.0,10.321854,1,forest,POINT (171.24367333960313 7.14907063681672)
166,11.0,61.0,36.0,1150.0,946.0,1292.0,3379.0,2608.0,2016.2078,0.0035333633,0.1138262,0.49216162508279976,-0.3374358974358974,1.749607535321821,-0.12877902121262735,45.0,53.0,51.0,21.0,74.5,8.5,8.0,91.0,9.0,9.333858,1,forest,POINT (171.24304663706508 7.149379441814252)
169,5.0,94.0,5.0,405.0,423.0,649.0,3989.0,1217.0,642.68304,0.00065243244,0.045827124,0.815657715065999,-0.30439442658092175,2.7590454195535026,-0.5324625432193623,16.5,78.0,13.0,45.0,87.5,9.0,5.5,89.0,7.0,13.280801,1,forest,POINT (171.24559522738656 7.148219335458051)
170,6.0,80.0,14.0,492.0,462.0,720.0,3799.0,1413.0,739.38934,0.0014028549,0.05479498,0.7706828245164298,-0.32489451476793246,2.5152114390021296,-0.4577897160399079,19.0,65.0,29.0,8.0,81.5,6.5,8.5,92.0,5.5,10.549289,1,forest,POINT (171.2465060350752 7.148394603516223)
171,4.0,78.0,17.0,438.0,443.0,667.0,2627.0,1205.0,886.60767,0.0038374066,0.06967718,0.7141924959216965,-0.28739316239316237,2.830359451771399,-0.37108559498956156,54.0,75.0,66.0,19.0,80.5,22.0,14.0,95.0,6.0,14.418442,1,forest,POINT (171.2485031271632 7.147802030283433)
172,18.0,99.0,3.0,406.0,431.0,682.0,4154.0,1175.0,735.873,0.00032436848,0.045453362,0.8219298245614035,-0.26548196015078085,2.7899359833258894,-0.5590167010696191,40.0,74.0,12.0,9.0,89.0,7.0,18.5,95.0,5.0,9.439517,1,forest,POINT (171.24876216421225 7.147292917447447)
174,5.0,90.0,6.0,421.0,442.0,685.0,3833.0,1070.0,917.1028,0.00085374713,0.051339824,0.8020686412787964,-0.21937321937321938,2.8013136288998357,-0.5635325311034061,50.0,82.0,80.0,36.0,73.0,7.0,45.0,93.0,20.0,14.5892935,1,forest,POINT (171.2377405555761 7.151849874179224)
176,17.0,79.0,13.0,406.0,435.0,643.0,3803.0,1139.0,838.4715,0.0014387965,0.043325253,0.807080066524115,-0.2783389450056117,2.852225020990764,-0.5390530149736948,41.0,78.5,17.0,26.0,76.0,7.0,12.0,94.0,11.0,7.4167156,1,forest,POINT (171.23007807254396 7.155371886094372)
177,6.0,82.0,13.0,413.0,414.0,645.0,3852.0,1203.0,742.3049,0.00082051754,0.044821896,0.8063305978898007,-0.30194805194805197,2.665065096094234,-0.5240356083086053,70.0,79.0,9.5,30.0,79.5,10.5,46.0,95.0,8.0,10.604489,1,forest,POINT (171.23118106901097 7.154887819738011)
178,32.0,98.0,14.0,367.0,386.0,639.0,4168.0,1137.0,498.08417,0.0003094077,0.029649114,0.8381477398015436,-0.28040540540540543,2.7337456846950516,-0.5713477851083884,21.5,75.0,9.0,22.0,87.0,13.5,34.0,99.0,4.0,15.217693,1,forest,POINT (171.21176164636464 7.159306992427269)
180,44.0,99.0,85.0,346.0,376.0,611.0,4270.0,1134.0,464.4363,0.00023037195,0.028346643,0.8500866551126517,-0.2997134670487106,2.781400623759569,-0.5803108808290155,47.0,76.0,8.0,59.0,98.0,15.0,27.5,97.0,2.5,16.07441,1,forest,POINT (171.20961414566753 7.158555861318241)
183,5.0,99.0,11.0,341.0,391.0,639.0,4444.0,1215.0,629.0344,0.00028431416,0.038856156,0.8574712643678161,-0.3106796116504854,2.882534775888717,-0.5705955115744831,40.0,76.0,10.0,11.5,98.0,33.0,29.0,96.0,6.0,10.166056,1,forest,POINT (171.2068399424323 7.157646156408444)
187,10.0,99.0,76.0,384.0,400.0,700.0,4469.0,1195.0,513.23114,0.0003735125,0.030046472,0.841747372759118,-0.2612137203166227,2.7060148383677793,-0.5780367231638418,23.5,80.0,19.0,15.0,97.5,8.5,28.0,99.0,49.5,8.539586,1,forest,POINT (171.21420996428003 7.158948118831508)
188,7.0,77.0,18.0,630.0,710.0,844.0,1747.0,1102.0,1045.101,0.006757498,0.10410318,0.46992006731173747,-0.13257965056526208,13.75615763546798,-0.22639522639522638,50.5,32.0,62.0,41.0,38.0,52.5,29.0,42.0,58.0,3.7138088,1,forest,POINT (171.31065530687206 7.07260987583048)
189,6.0,82.0,13.0,900.0,813.0,1049.0,1721.0,770.0,2094.5688,0.019493818,0.21160832,0.3132392216711179,0.15338097855964816,2.0034163006344556,-0.3817743877960658,19.0,32.0,62.0,54.5,29.0,59.5,46.5,50.0,51.0,8.929581,1,forest,POINT (171.31413141694992 7.073327759554337)
190,7.0,78.0,18.0,446.0,443.0,616.0,3711.0,1525.0,1075.2078,0.0023792982,0.065039456,0.7854221794563387,-0.4245679588977114,2.662697765454249,-0.4174942704354469,22.0,54.0,25.5,24.0,65.0,10.5,15.0,73.0,15.0,3.915025,1,forest,POINT (171.29664223812082 7.068386025444941)
191,16.0,71.0,14.0,373.0,409.0,598.0,3311.0,1301.0,977.79767,0.0015536547,0.07373259,0.7975027144408252,-0.3701948393891522,2.958710976837865,-0.4358196010407632,22.5,38.0,69.5,19.5,46.0,32.0,12.0,71.0,22.0,7.563851,1,forest,POINT (171.30214050838816 7.070164054190529)
196,24.0,53.0,37.0,2825.0,2564.0,2797.0,4188.0,4592.0,3073.732,0.006720066,0.10546411,0.1943533437901041,-0.24292867776424415,1.7849659507595599,0.04601366742596811,27.0,17.0,76.0,37.0,21.5,74.0,22.0,19.5,75.0,4.9636374,4,buildup,POINT (171.36480564421413 7.122323717621369)
197,37.0,36.0,21.0,2831.0,2474.0,2813.0,3777.0,3917.0,1963.4756,0.003971249,0.08274547,0.1431598062953995,-0.16404160475482912,1.070620190131281,0.01819599688068625,37.0,39.0,29.0,50.0,41.5,12.0,36.0,51.0,21.0,2.685864,4,buildup,POINT (171.36364411190874 7.122888025588686)
198,51.0,33.0,16.0,1939.0,1631.0,1898.0,3775.0,3584.0,688.99115,0.0016744137,0.030114776,0.32131606580329014,-0.3075519883254287,1.4445318646734855,-0.025954613398559586,36.0,54.0,22.0,38.5,64.0,11.5,34.0,64.0,24.5,2.3432484,4,buildup,POINT (171.36375710143258 7.121985132503232)
199,39.0,37.0,26.0,2490.0,1945.0,2324.0,4355.0,4263.0,1592.8188,0.002298683,0.055465553,0.2724616508400292,-0.29436769394261425,0.990230434320909,-0.010675330703179392,45.5,38.0,31.5,29.0,41.5,18.0,39.5,45.0,14.0,2.6531148,4,buildup,POINT (171.36430397072812 7.121696206335462)
200,37.0,14.0,62.0,2313.0,2015.0,2281.0,3325.0,3727.0,890.06384,0.002090007,0.037327316,0.17949627527492018,-0.2406790945406125,1.209658140090844,0.057005104934770276,51.5,27.0,25.0,39.0,30.0,22.0,42.5,34.0,28.0,4.1230307,4,buildup,POINT (171.36189051449827 7.122987343718114)
201,50.0,45.0,29.0,1906.0,1828.0,1964.0,3777.0,3354.0,632.98615,0.001066953,0.0293719,0.32922752067569944,-0.26137645731478,3.1100398936170213,-0.05931846865797223,43.0,43.0,20.5,50.0,48.5,12.5,43.0,43.0,15.0,3.9565291,4,buildup,POINT (171.36235603133662 7.123678055560734)
202,39.0,29.0,35.0,2746.0,2264.0,2514.0,3537.0,4184.0,1805.5277,0.002238661,0.08026852,0.12589527295877764,-0.24932815765900268,0.6517798286090969,0.08379743556534128,58.0,25.0,25.0,48.0,29.5,22.0,42.5,34.0,33.0,3.9429488,4,buildup,POINT (171.362116493546 7.122350804419876)
203,42.0,28.0,25.0,2629.0,2112.0,2508.0,4195.0,3660.0,987.60956,0.001264602,0.03821771,0.2294841735052755,-0.1867704280155642,0.9479418886198547,-0.06810948440483769,32.5,21.0,46.0,31.0,26.0,41.5,29.0,37.0,32.0,3.1297584,4,buildup,POINT (171.3628667439845 7.122070907423784)
204,27.0,8.0,73.0,2832.0,2409.0,2708.0,3680.0,3722.0,594.773,0.0013569295,0.021399563,0.13022113022113022,-0.15769828926905133,0.8136634043369795,0.005674142123750338,42.0,41.0,24.5,46.0,40.0,15.0,41.5,45.0,19.0,2.0319817,4,buildup,POINT (171.36263624535582 7.123059575071277)
241,23.0,48.0,38.0,702.0,995.0,1158.0,1867.0,1555.0,1104.2504,0.011375606,0.08559383,0.4534838458544181,-0.14633247327681534,-2.1066907775768535,-0.09117475160724722,17.0,30.0,76.0,39.0,38.5,44.0,43.0,43.0,47.0,0.0,6,water,POINT (171.35316004708787 7.082350219415224)
242,12.0,49.0,38.0,942.0,840.0,1136.0,3074.0,2004.0,1728.6571,0.00716877,0.09181323,0.5308764940239044,-0.2764331210191083,2.196126905644829,-0.21071287908625444,53.0,35.0,75.0,14.0,39.0,38.5,37.5,50.0,39.5,0.0,6,water,POINT (171.35089526869882 7.081736297398302)
243,40.0,47.0,9.0,1588.0,1374.0,1547.0,3060.0,3266.0,884.8341,0.0021350682,0.042420432,0.31669535283993117,-0.35715769790151675,1.6112084063047285,0.0325640214985773,51.5,31.0,17.0,46.5,41.5,8.5,42.0,45.0,12.5,2.0351188,3,grassland,POINT (171.34486999876518 7.081705240820269)
244,27.0,66.0,5.0,1249.0,1000.0,1322.0,3386.0,2352.0,774.25745,0.0020656288,0.043057084,0.4610571736785329,-0.2803483941208492,1.580153800650695,-0.18020216103171838,40.0,52.0,26.0,30.5,62.5,6.0,24.5,61.0,14.0,3.235629,3,grassland,POINT (171.3450427559004 7.081379999274534)
245,10.0,68.0,19.0,644.0,572.0,849.0,2392.0,1305.0,1635.6638,0.005431354,0.1251013,0.5757575757575758,-0.2116991643454039,2.221657346212506,-0.29402218014606435,26.0,55.0,25.0,10.0,66.0,21.5,15.0,68.0,17.0,6.013456,3,grassland,POINT (171.34633178990956 7.08252166245205)
246,6.0,80.0,12.0,420.0,441.0,857.0,4325.0,2012.0,1200.1924,0.0014941096,0.054268464,0.8229715489989463,-0.40257929592192404,2.758937402854317,-0.36499921098311505,14.0,59.0,29.0,6.0,84.0,16.0,31.0,84.0,14.0,2.0230434,3,grassland,POINT (171.34547464873853 7.081263841523311)
247,22.0,70.0,10.0,581.0,553.0,908.0,3626.0,2031.0,675.7151,0.0017290115,0.038741834,0.7237936772046589,-0.3821027560394692,2.5670207384926655,-0.28195156443344527,20.0,63.0,30.0,26.5,70.0,10.5,23.0,68.0,24.5,2.5981584,3,grassland,POINT (171.34635504567777 7.081413187198009)
248,5.0,88.0,9.0,638.0,600.0,970.0,3527.0,2034.0,776.8823,0.001683414,0.05019564,0.6936374549819928,-0.35419440745672437,2.528886554621849,-0.2684768926452077,30.0,66.0,30.0,7.0,83.0,12.5,12.0,84.0,17.0,2.269741,3,grassland,POINT (171.34575039570439 7.081396593236574)
249,26.0,69.0,8.0,860.0,718.0,1053.0,4189.0,2431.0,1046.5334,0.0028944016,0.05579573,0.6593384828678946,-0.39552238805970147,2.0989911727616644,-0.2655589123867069,46.5,41.0,38.0,29.0,65.0,9.5,29.0,66.0,16.0,3.2494652,3,grassland,POINT (171.34519225726746 7.081346811348636)
250,26.0,69.0,8.0,860.0,718.0,1053.0,4189.0,2431.0,1046.5334,0.0028944016,0.05579573,0.6593384828678946,-0.39552238805970147,2.0989911727616644,-0.2655589123867069,46.5,41.0,38.0,29.0,65.0,9.5,29.0,66.0,16.0,3.2494652,3,grassland,POINT (171.34519225726746 7.081124452182719)
251,5.0,90.0,12.0,553.0,516.0,875.0,4190.0,2220.0,713.44727,0.0009892583,0.03782329,0.7668142525827535,-0.4345718901453958,2.4986259961527892,-0.3073322932917317,14.0,57.0,22.5,4.5,83.0,14.5,7.0,80.0,25.0,3.5459712,3,grassland,POINT (171.3468666725783 7.081990656679164)
252,8.0,74.0,16.0,465.0,453.0,691.0,3648.0,1732.0,570.7557,0.0010740161,0.035411447,0.7738876732312181,-0.42963268675196037,2.6163077428900214,-0.35613382899628254,19.5,63.0,27.0,18.0,74.0,13.0,12.0,73.0,16.0,8.862108,3,grassland,POINT (171.3464912580344 7.082189783916593)
253,10.0,73.0,23.0,521.0,519.0,752.0,3432.0,1840.0,969.1602,0.0021046698,0.056666024,0.7364027321022009,-0.41975308641975306,2.7292330770673168,-0.30197268588770865,39.5,49.0,30.0,13.0,72.0,17.0,23.0,70.0,18.0,1.9918492,1,forest,POINT (171.34320887246474 7.080726196688715)
254,29.0,62.0,23.0,728.0,632.0,851.0,2953.0,1444.0,1413.2358,0.0033364892,0.10325829,0.6044553110567781,-0.25838779956427016,2.1543377226955847,-0.3431885376392995,39.0,47.0,9.0,40.0,58.0,19.5,31.0,58.0,27.5,4.157703,1,forest,POINT (171.34330189553756 7.08172847235036)
255,21.0,63.0,16.0,523.0,526.0,759.0,2612.0,1332.0,1453.0077,0.0051902533,0.09810741,0.666347687400319,-0.27403156384505023,2.891749723145072,-0.32454361054766734,32.0,52.0,21.5,22.0,62.5,18.0,26.5,58.0,18.5,3.0352404,1,forest,POINT (171.34293977000405 7.081828036037311)
256,21.0,64.0,15.0,540.0,559.0,766.0,2229.0,1311.0,1397.7261,0.0060020685,0.1211898,0.609967497291441,-0.2623976889744824,3.305283757338552,-0.2593220338983051,44.0,36.0,32.0,21.0,58.5,21.5,29.0,61.0,14.0,7.6160398,7,mangroves,POINT (171.34116568711516 7.081379999274534)
257,13.0,71.0,23.0,553.0,529.0,803.0,4121.0,1824.0,726.8954,0.0010513663,0.038508147,0.7633718442447582,-0.3886562618956985,2.5687544996400287,-0.38637510513036166,18.5,52.0,26.5,25.0,66.5,26.0,18.0,61.0,22.0,5.231168,1,forest,POINT (171.3397138627286 7.079962872684757)
258,6.0,78.0,15.0,392.0,430.0,660.0,3891.0,1755.0,870.09515,0.0007651448,0.045103982,0.816950735465795,-0.453416149068323,2.8974826101358064,-0.3783209351753454,28.0,56.0,22.0,26.0,63.5,15.0,35.0,60.0,18.0,3.629791,7,mangroves,POINT (171.34103611926375 7.080367766446238)
259,23.0,71.0,11.0,1033.0,884.0,1235.0,4168.0,2560.0,1065.7822,0.0026896,0.05484842,0.6027686983272448,-0.34914361001317523,2.0972705378645973,-0.2390011890606421,25.0,55.0,45.0,21.0,67.0,16.5,24.0,66.0,22.0,3.6060908,4,buildup,POINT (171.34038163550136 7.080238333233771)
315,36.0,29.0,35.0,1009.0,856.0,1169.0,1478.0,1321.0,591.1079,0.004184425,0.05970164,0.1885806192199437,-0.06104417670682731,1.0534591194968554,-0.05609146123615577,39.0,28.0,42.0,37.0,38.0,25.0,39.0,40.0,32.0,2.3175316,5,baresoil,POINT (171.37966630912962 7.097087460900075)
316,50.0,25.0,30.0,1832.0,1582.0,1857.0,2246.0,2131.0,617.45917,0.0024953485,0.034555707,0.1015203531142717,-0.0687061183550652,0.7532751091703057,-0.026273703449851495,26.0,20.0,68.0,34.0,20.0,46.0,25.5,26.0,48.0,2.9412947,5,baresoil,POINT (171.37905945024613 7.09818937563487)
317,46.0,36.0,27.0,3796.0,3445.0,3765.0,4304.0,4833.0,1339.3186,0.0027643144,0.042905997,0.06271604938271605,-0.12421493370551291,1.0213108162444713,0.057896464922841194,45.0,25.0,49.0,45.0,36.0,24.0,49.0,40.5,35.0,2.978391,5,baresoil,POINT (171.37854037278973 7.101665914301968)
318,46.0,36.0,27.0,3796.0,3445.0,3765.0,4304.0,4833.0,1339.3186,0.0027643144,0.042905997,0.06271604938271605,-0.12421493370551291,1.0213108162444713,0.057896464922841194,45.0,25.0,49.0,45.0,36.0,24.0,49.0,40.5,35.0,2.978391,5,baresoil,POINT (171.37857081721532 7.101607119001287)
319,35.0,41.0,17.0,1021.0,849.0,1170.0,1728.0,1133.0,1281.4954,0.0075818,0.09821162,0.2571844307020735,0.01606600086843248,1.188235294117647,-0.20796924152394267,52.0,32.0,40.5,37.0,42.0,16.5,35.5,48.0,23.0,3.7705982,5,baresoil,POINT (171.376963351544 7.102155536941148)
320,35.0,41.0,17.0,1021.0,849.0,1170.0,1728.0,1133.0,1281.4954,0.0075818,0.09821162,0.2571844307020735,0.01606600086843248,1.188235294117647,-0.20796924152394267,52.0,32.0,40.5,37.0,42.0,16.5,35.5,48.0,23.0,3.7705982,5,baresoil,POINT (171.37690347750697 7.102309620975065)
321,37.0,57.0,13.0,1025.0,887.0,1377.0,4429.0,3244.0,1036.3577,0.0018749833,0.042747673,0.6241290795746242,-0.40402510279160353,2.166772756206238,-0.15443763847256614,35.0,48.0,19.0,34.0,58.0,11.0,29.0,63.0,16.5,6.855528,5,baresoil,POINT (171.37596984845544 7.105161179870001)
322,39.0,51.0,13.0,1064.0,936.0,1253.0,3556.0,2281.0,665.33234,0.0021542907,0.042441033,0.5393939393939394,-0.29088851160158463,2.1328312221841834,-0.21843412712009594,32.0,55.0,28.0,47.0,54.5,16.0,23.0,65.0,25.5,1.3722935,5,baresoil,POINT (171.36757530550506 7.112139465945119)
323,13.0,40.0,38.0,1198.0,900.0,1413.0,4088.0,2621.0,588.6967,0.0009686947,0.029572567,0.5467272039349225,-0.2994546355974219,1.5959796774906119,-0.2186614994783127,24.0,53.0,24.0,18.0,62.0,22.0,15.0,60.0,25.0,1.9388303,5,baresoil,POINT (171.36547261051072 7.116607783294339)
324,8.0,59.0,32.0,504.0,833.0,1005.0,486.0,545.0,355.53806,0.0025898814,0.065029815,-0.01818181818181818,0.2967741935483871,0.016444363237712405,0.05722599418040737,26.5,28.0,60.0,38.0,45.0,42.5,19.0,37.5,62.0,0.0,5,baresoil,POINT (171.36542998831487 7.116530743713414)
325,13.0,40.0,38.0,1198.0,900.0,1413.0,4088.0,2621.0,588.6967,0.0009686947,0.029572567,0.5467272039349225,-0.2994546355974219,1.5959796774906119,-0.2186614994783127,24.0,53.0,24.0,18.0,62.0,22.0,15.0,60.0,25.0,1.9388303,5,baresoil,POINT (171.36546855125397 7.116463840908819)
326,50.0,37.0,20.0,1824.0,1711.0,1984.0,4230.0,3534.0,1081.0427,0.0019014478,0.04674986,0.39742319127849357,-0.2808988764044944,2.567769477054429,-0.08964451313755796,43.0,55.0,43.0,24.0,66.0,17.0,27.5,70.0,28.0,1.5575025,5,baresoil,POINT (171.36334150071914 7.12179373336846)
327,42.0,56.0,84.0,900.0,754.0,1147.0,4176.0,3205.0,717.0459,0.0010685623,0.031833574,0.6453900709219859,-0.4728860294117647,2.0882202957674654,-0.13155398997425824,38.5,47.0,27.0,14.0,79.0,13.0,17.0,73.0,21.0,0.8145282,5,baresoil,POINT (171.36330293778005 7.121706557998074)
328,24.0,64.0,85.0,1147.0,894.0,1326.0,4153.0,3751.0,991.3523,0.002245009,0.041976333,0.5671698113207547,-0.4776442781169982,1.7351650888940198,-0.05086032388663968,43.0,32.0,36.5,31.0,58.5,22.0,20.0,50.0,35.5,1.819297,5,baresoil,POINT (171.3632176933884 7.121619382610898)
329,7.0,81.0,10.0,766.0,671.0,1000.0,3919.0,2418.0,943.1124,0.00092595816,0.049845822,0.6729989327641409,-0.4148624926857812,2.26281039184728,-0.23686286886539373,38.5,50.0,34.0,32.0,57.5,15.5,26.0,61.0,10.5,3.0872316,5,baresoil,POINT (171.30860749757247 7.07119828549848)
330,7.0,65.0,27.0,828.0,670.0,1086.0,4269.0,2618.0,765.9022,0.0011623502,0.039327856,0.6751030017657446,-0.4136069114470842,2.041894137194398,-0.23972702192536663,8.0,59.0,17.0,7.5,78.5,13.0,10.0,74.0,7.0,0.9557601,5,baresoil,POINT (171.30877392709903 7.071056356288452)
331,13.0,68.0,12.0,930.0,751.0,1108.0,4194.0,2735.0,859.7609,0.00086790323,0.043726757,0.6370023419203747,-0.4233671610720791,1.9698249849124925,-0.21056429499206233,21.0,56.0,19.5,20.0,67.0,10.0,19.0,72.0,11.5,0.64565057,5,baresoil,POINT (171.308583142032 7.071084742133992)
332,12.0,51.0,48.0,1325.0,1158.0,1482.0,3723.0,2777.0,899.29724,0.0014174879,0.045725763,0.47503961965134706,-0.3040619863817798,2.005687520910003,-0.14553846153846153,25.0,41.0,35.0,20.0,53.0,26.0,18.0,56.0,30.0,0.7912762,5,baresoil,POINT (171.28737352553497 7.068909164706509)
333,17.0,59.0,27.0,1421.0,1247.0,1538.0,3911.0,2820.0,1161.7092,0.0025840998,0.050056994,0.4669917479369842,-0.29417163836622306,2.017501215362178,-0.162085871341554,25.5,43.0,25.0,20.0,56.0,23.0,21.0,67.0,18.5,-0.9606422,5,baresoil,POINT (171.28679305182033 7.068730738510985)
334,12.0,76.0,13.0,1423.0,1168.0,1472.0,3633.0,2713.0,784.12317,0.0022155643,0.03630291,0.43710443037974683,-0.2965352449223417,1.619284876905041,-0.14497321147179326,35.0,38.0,34.5,26.0,49.0,24.0,14.0,67.0,18.0,-1.1952672,5,baresoil,POINT (171.2790926417735 7.067481753187737)
335,14.0,45.0,39.0,975.0,758.0,1164.0,3263.0,2669.0,834.173,0.0012659729,0.048330434,0.5398773006134969,-0.3926428385076963,1.668124817731117,-0.10013486176668915,22.0,39.0,35.0,14.0,66.0,21.5,16.0,73.0,11.0,-1.4178442,5,baresoil,POINT (171.28295705419552 7.068090025688003)
336,15.0,73.0,11.0,1079.0,855.0,1184.0,3546.0,3011.0,538.603,0.0008715093,0.028311754,0.5334054054054054,-0.43551847437425506,1.7091589303034502,-0.08159219155101419,19.5,37.0,41.0,17.0,52.0,39.0,21.0,56.0,25.0,-1.3879834,5,baresoil,POINT (171.28294081716854 7.068300893298735)
337,8.0,78.0,14.0,809.0,688.0,1148.0,4076.0,2490.0,913.03314,0.0014656782,0.04726604,0.6687819856704197,-0.36888400219901046,2.1658711217183773,-0.24154736521474263,33.0,42.0,31.0,22.0,54.0,20.5,17.0,70.0,12.0,-0.9531976,5,baresoil,POINT (171.27934431569173 7.067652069569581)
338,5.0,79.0,14.0,878.0,698.0,1104.0,4195.0,2717.0,726.1404,0.0010736585,0.035930518,0.6538537354622511,-0.4221408008374771,1.9608654528257272,-0.21383101851851852,43.0,38.0,25.0,23.0,61.5,14.0,14.5,76.0,11.0,-1.1692356,5,baresoil,POINT (171.27975430062304 7.067639904115845)
339,5.0,79.0,14.0,878.0,698.0,1104.0,4195.0,2717.0,726.1404,0.0010736585,0.035930518,0.6538537354622511,-0.4221408008374771,1.9608654528257272,-0.21383101851851852,43.0,38.0,25.0,23.0,61.5,14.0,14.5,76.0,11.0,-1.1692356,5,baresoil,POINT (171.27959193035323 7.06780616528883)
340,15.0,66.0,20.0,938.0,750.0,991.0,3054.0,3517.0,648.6679,0.0025519729,0.026682872,0.530060120240481,-0.5603371783496007,1.7298888162197514,0.07046111702937148,9.0,23.0,60.0,16.5,42.0,41.0,10.0,54.0,37.0,0.0,5,baresoil,POINT (171.25823212135666 7.062100533812199)
342,17.0,72.0,11.0,1081.0,861.0,1121.0,3360.0,3535.0,787.4977,0.0033561587,0.040870123,0.5131727088493583,-0.5184707903780069,1.6809263903230565,0.025380710659898477,21.0,32.0,58.0,18.5,58.0,22.0,20.0,63.0,35.0,0.18899783,5,baresoil,POINT (171.25914139486773 7.061913994549728)
343,12.0,60.0,38.0,1045.0,831.0,1098.0,3160.0,3698.0,786.0277,0.0032516718,0.040756337,0.5029726516052319,-0.5421184320266889,1.6531186493668908,0.0784485272674249,10.0,20.0,60.0,22.0,54.0,26.0,10.0,64.0,32.0,-0.023864746,5,baresoil,POINT (171.25851626932885 7.061792338467919)
344,14.0,59.0,25.0,958.0,743.0,1050.0,3064.0,3067.0,670.5032,0.0015876889,0.034766674,0.5236200895077076,-0.4899198445470002,1.6247492670884123,0.0004893165878323275,15.0,30.0,54.0,18.0,40.5,44.0,6.0,45.0,54.0,0.19040988,5,baresoil,POINT (171.26016432756765 7.062579047223863)
346,26.0,57.0,27.0,1004.0,770.0,1058.0,3196.0,3687.0,754.21436,0.0022696555,0.037098914,0.5219047619047619,-0.5540569020021074,1.5902495647127104,0.07133517361615574,15.0,31.0,55.0,22.0,47.0,33.5,11.5,56.0,41.0,0.0,5,baresoil,POINT (171.2598314685145 7.062262741804558)
355,24.0,68.0,31.0,898.0,793.0,1199.0,1904.0,1549.0,1840.084,0.014744699,0.15666607,0.3590292648108494,-0.12736535662299855,1.869193608324043,-0.10280915146249638,17.0,41.0,41.5,30.0,50.0,50.0,22.0,54.0,42.0,0.0,6,water,POINT (171.2595392020288 7.06034868382212)
356,25.0,33.0,61.0,352.0,990.0,888.0,273.0,278.0,704.55237,0.019047081,0.12220872,-0.1264,0.5231560891938251,0.039194284580273867,0.009074410163339383,46.0,29.5,46.0,53.0,30.0,62.5,63.0,32.5,62.0,0.2026597,5,baresoil,POINT (171.2467606617929 7.05685307417314)
357,16.0,15.0,82.0,1141.0,1067.0,1305.0,954.0,857.0,780.82385,0.010361046,0.10569402,-0.0892601431980907,0.2072155411655874,2.3200992555831266,-0.053561568194367755,38.0,23.0,48.0,23.0,21.0,61.0,33.5,26.0,47.0,0.05529421,5,baresoil,POINT (171.24703669125165 7.056966621078654)
361,11.0,76.0,11.0,783.0,622.0,1065.0,4140.0,2376.0,1060.9144,0.0023424625,0.054562993,0.6819012797074955,-0.38099389712292936,2.0106612362242453,-0.27071823204419887,29.5,54.0,38.5,21.0,61.5,7.0,10.0,75.0,13.5,11.252412,3,grassland,POINT (171.22903388758385 7.053503427765285)
362,7.0,76.0,15.0,978.0,911.0,1147.0,3767.0,1968.0,701.7729,0.0007637739,0.037293185,0.5877766069546891,-0.26356340288924557,2.4870697342607455,-0.3136878814298169,53.0,46.0,41.0,9.0,66.5,16.0,12.0,74.0,14.0,2.168336,3,grassland,POINT (171.22809619927557 7.053689970462687)
364,13.0,72.0,17.0,1021.0,818.0,1205.0,3831.0,2768.0,822.0315,0.0013042688,0.03944424,0.5791426215993405,-0.39340548703750317,1.8375621239863982,-0.1610850128807395,25.0,52.0,24.0,20.5,60.0,15.5,16.0,68.0,19.0,3.3595836,3,grassland,POINT (171.22974831677115 7.053505455403709)
366,11.0,67.0,27.0,1104.0,889.0,1213.0,4149.0,2848.0,950.35803,0.0023136437,0.046192363,0.5796687607081668,-0.40261019453336616,1.853768415925971,-0.18593683007003,42.0,50.0,32.0,22.0,56.5,34.0,11.5,66.0,30.5,6.704105,3,grassland,POINT (171.22955753170407 7.053306746795347)
367,11.0,67.0,27.0,1104.0,889.0,1213.0,4149.0,2848.0,950.35803,0.0023136437,0.046192363,0.5796687607081668,-0.40261019453336616,1.853768415925971,-0.18593683007003,42.0,50.0,32.0,22.0,56.5,34.0,11.5,66.0,30.5,6.704105,3,grassland,POINT (171.22949461322452 7.053229696495392)
369,2.0,82.0,15.0,561.0,479.0,882.0,4558.0,1764.0,826.1439,0.00071817636,0.041040212,0.7808165657354952,-0.3333333333333333,2.306405077899596,-0.44194875039544446,61.0,51.0,29.0,5.0,71.5,13.0,7.5,79.0,15.0,2.168336,3,grassland,POINT (171.2280941696472 7.053479096103488)
370,5.0,68.0,30.0,469.0,479.0,750.0,3470.0,1732.0,550.7258,0.0013798773,0.038052414,0.7618684945417619,-0.39564867042707497,2.7864438254410397,-0.33410226835832374,18.0,51.0,32.5,14.5,68.0,23.0,15.0,64.5,27.5,3.5847716,7,mangroves,POINT (171.080950171867 7.212783980979305)
371,21.0,66.0,28.0,1270.0,1078.0,1423.0,3204.0,1877.0,1058.1688,0.0039781034,0.06596976,0.4322753687974967,-0.13757575757575757,1.7645985401459854,-0.26116906120842354,26.5,42.0,49.0,20.5,60.0,27.0,47.0,56.5,34.5,2.3433669,7,mangroves,POINT (171.0810232384884 7.212948161780655)
372,12.0,87.0,11.0,428.0,433.0,689.0,3429.0,1365.0,550.14685,0.0006068349,0.035439953,0.7780658542908997,-0.3291139240506329,2.7276858752954007,-0.4305381727158949,35.0,53.0,28.0,36.0,83.0,13.0,56.0,78.5,16.5,4.216475,7,mangroves,POINT (171.07537681235493 7.217247244992477)
374,10.0,73.0,25.0,494.0,459.0,653.0,2855.0,1144.0,855.99335,0.0034139752,0.06722526,0.7049865631531801,-0.27323316638842515,2.4826498422712935,-0.4278569642410603,31.5,46.0,36.0,30.5,71.5,25.0,43.0,60.0,28.0,0.0,7,mangroves,POINT (171.07563051590157 7.217024285541507)
375,10.0,73.0,25.0,494.0,459.0,653.0,2855.0,1144.0,855.99335,0.0034139752,0.06722526,0.7049865631531801,-0.27323316638842515,2.4826498422712935,-0.4278569642410603,31.5,46.0,36.0,30.5,71.5,25.0,43.0,60.0,28.0,0.0,7,mangroves,POINT (171.07575229360393 7.216926994109837)
376,14.0,88.0,7.0,328.0,365.0,545.0,3423.0,1272.0,539.26355,0.0015833974,0.028665677,0.8251133031191682,-0.40011007154650524,2.914861555848559,-0.45814696485623,22.0,54.0,16.0,21.0,80.5,11.0,15.0,81.0,15.0,8.807933,7,mangroves,POINT (171.07588827870492 7.216914832679391)
377,23.0,75.0,23.0,379.0,399.0,618.0,3773.0,1415.0,519.1042,0.0013260245,0.022175737,0.8174373795761078,-0.39203148057058534,2.7769595810832923,-0.4545104086353123,38.0,51.5,39.0,48.0,67.0,30.0,48.0,60.5,28.0,5.0754347,7,mangroves,POINT (171.07608312302872 7.217042527682588)
378,14.0,88.0,7.0,328.0,365.0,545.0,3423.0,1272.0,539.26355,0.0015833974,0.028665677,0.8251133031191682,-0.40011007154650524,2.914861555848559,-0.45814696485623,22.0,54.0,16.0,21.0,80.5,11.0,15.0,81.0,15.0,8.807933,7,mangroves,POINT (171.07604861934638 7.216908751964038)
379,10.0,73.0,25.0,494.0,459.0,653.0,2855.0,1144.0,855.99335,0.0034139752,0.06722526,0.7049865631531801,-0.27323316638842515,2.4826498422712935,-0.4278569642410603,31.5,46.0,36.0,30.5,71.5,25.0,43.0,60.0,28.0,0.0,7,mangroves,POINT (171.07567719735414 7.217127657664433)
380,31.0,61.0,33.0,334.0,361.0,504.0,3080.0,1134.0,387.70834,0.00091671944,0.029497476,0.8043350908025776,-0.38461538461538464,2.8874868559411144,-0.46179401993355484,43.5,41.0,33.0,34.5,58.5,33.5,45.5,55.0,41.5,5.9041133,7,mangroves,POINT (171.0742869019187 7.217814777638071)
381,31.0,61.0,33.0,334.0,361.0,504.0,3080.0,1134.0,387.70834,0.00091671944,0.029497476,0.8043350908025776,-0.38461538461538464,2.8874868559411144,-0.46179401993355484,43.5,41.0,33.0,34.5,58.5,33.5,45.5,55.0,41.5,5.9041133,7,mangroves,POINT (171.07437417593871 7.217751943702101)
383,44.0,32.0,36.0,342.0,380.0,568.0,4036.0,1113.0,1134.1967,0.0031570196,0.060267154,0.84376427592508,-0.3242117787031529,2.8511886384686633,-0.5676830452515051,43.5,43.0,35.0,42.5,78.0,17.0,36.0,78.0,24.0,5.539041,7,mangroves,POINT (171.07448174624247 7.217654652428967)
384,14.0,84.0,5.0,309.0,350.0,532.0,3577.0,1102.0,318.6272,0.00065529346,0.021134537,0.8409675759135358,-0.3488372093023256,2.9105806911293195,-0.5289591793118188,43.0,58.0,15.0,18.0,80.0,13.0,20.0,76.5,16.5,4.109655,7,mangroves,POINT (171.07457510914764 7.217717486378625)
385,14.0,84.0,5.0,309.0,350.0,532.0,3577.0,1102.0,318.6272,0.00065529346,0.021134537,0.8409675759135358,-0.3488372093023256,2.9105806911293195,-0.5289591793118188,43.0,58.0,15.0,18.0,80.0,13.0,20.0,76.5,16.5,4.109655,7,mangroves,POINT (171.07467253130955 7.217699244265118)
386,15.0,92.0,7.0,384.0,377.0,577.0,3582.0,1270.0,469.44635,0.00083070993,0.025981883,0.8063540090771558,-0.3752030319436925,2.6131720869423107,-0.4765045342126958,37.5,39.5,32.5,23.0,83.0,12.0,39.0,78.0,16.0,6.9165235,7,mangroves,POINT (171.07477604235658 7.217640464116529)
387,15.0,92.0,7.0,384.0,377.0,577.0,3582.0,1270.0,469.44635,0.00083070993,0.025981883,0.8063540090771558,-0.3752030319436925,2.6131720869423107,-0.4765045342126958,37.5,39.5,32.5,23.0,83.0,12.0,39.0,78.0,16.0,6.9165235,7,mangroves,POINT (171.07474762755936 7.217539119014584)
388,15.0,92.0,7.0,384.0,377.0,577.0,3582.0,1270.0,469.44635,0.00083070993,0.025981883,0.8063540090771558,-0.3752030319436925,2.6131720869423107,-0.4765045342126958,37.5,39.5,32.5,23.0,83.0,12.0,39.0,78.0,16.0,6.9165235,7,mangroves,POINT (171.07479836826866 7.217470204332122)
389,5.0,81.0,12.0,503.0,439.0,725.0,3661.0,2070.0,301.59814,0.00022953749,0.019645859,0.7584053794428435,-0.481216457960644,2.3306273062730627,-0.27761298202756934,14.5,68.0,19.0,5.5,71.0,17.0,12.0,62.5,19.5,1.968488,5,baresoil,POINT (171.03309559409036 7.145770896533595)
390,4.0,75.0,17.0,614.0,517.0,708.0,3335.0,2417.0,397.8903,0.0005506277,0.025832478,0.6890351987845024,-0.54688,2.164677804295943,-0.15959666203059805,15.5,60.0,24.0,9.0,67.0,19.5,13.5,59.0,25.0,0.3354344,5,baresoil,POINT (171.03321128290762 7.145574255527899)
391,10.0,81.0,8.0,433.0,415.0,710.0,4297.0,2149.0,358.0454,0.0006233454,0.018624352,0.8169133192389006,-0.5033228401538999,2.5531914893617023,-0.3332299100217189,13.0,73.0,14.0,11.5,78.0,11.0,14.0,75.0,14.5,4.483814,5,baresoil,POINT (171.0346056375998 7.145225572296729)
392,10.0,81.0,8.0,433.0,415.0,710.0,4297.0,2149.0,358.0454,0.0006233454,0.018624352,0.8169133192389006,-0.5033228401538999,2.5531914893617023,-0.3332299100217189,13.0,73.0,14.0,11.5,78.0,11.0,14.0,75.0,14.5,4.483814,5,baresoil,POINT (171.03479642266686 7.145326933728924)
393,6.0,87.0,7.0,529.0,443.0,824.0,3042.0,1775.0,263.92316,0.0006082058,0.018437942,0.703724446933632,-0.36590996537129666,2.17049576783555,-0.2630267801536226,18.0,61.5,16.5,7.5,75.0,11.0,7.0,77.0,13.0,9.194073,2,cropland,POINT (171.0299963515649 7.143287537332728)
394,5.0,95.0,27.0,515.0,477.0,933.0,4508.0,1804.0,535.49207,0.00071665645,0.023923386,0.7949432609994027,-0.31823164048227987,2.482282730324506,-0.42839036755386567,18.0,67.0,16.0,10.0,86.0,24.0,13.0,69.0,47.0,10.42442,2,cropland,POINT (171.03037386244227 7.143555132613917)
395,4.0,94.0,22.0,366.0,400.0,858.0,4607.0,1723.0,442.8296,0.00048312545,0.021997757,0.8528051477981098,-0.33514141805501746,2.7871976866456363,-0.45560821484992103,19.0,62.0,22.0,7.0,90.0,40.0,13.0,67.0,46.5,7.7263026,2,cropland,POINT (171.03077978811686 7.143741638322107)
396,8.0,89.0,7.0,301.0,350.0,682.0,4751.0,1664.0,492.73383,0.000741899,0.023660915,0.8808392715756136,-0.4185848252344416,2.8286295448766845,-0.481215900233827,15.0,66.5,21.5,10.0,84.5,19.0,17.0,65.5,47.0,10.339589,2,cropland,POINT (171.03098275095414 7.143932198422591)
398,4.0,83.0,11.0,1069.0,855.0,1218.0,3705.0,2141.0,2149.7434,0.0035817623,0.11565031,0.5521575198994554,-0.2747841619529622,1.777478084962913,-0.2675333561409511,21.0,61.0,17.0,7.5,81.5,13.0,14.0,80.0,12.5,6.471439,5,baresoil,POINT (171.02981165538299 7.151949840331791)
399,4.0,83.0,11.0,1069.0,855.0,1218.0,3705.0,2141.0,2149.7434,0.0035817623,0.11565031,0.5521575198994554,-0.2747841619529622,1.777478084962913,-0.2675333561409511,21.0,61.0,17.0,7.5,81.5,13.0,14.0,80.0,12.5,6.471439,5,baresoil,POINT (171.0298400701802 7.151899160362955)
