,red,blue,green,nir08,swir16,emad,smad,bcmad,ndvi,mndwi,evi,ndbi,bs_pc_50,pv_pc_50,npv_pc_50,bs_med_jan_apr,pv_med_jan_apr,npv_med_jan_apr,bs_med_may_aug,pv_med_may_aug,npv_med_may_aug,bs_med_sep_dec,pv_med_sep_dec,npv_med_sep_dec,dem,x,y,class_id,lulc
13,752.0,659.0,1160.0,4316.0,2628.0,1056.9393,0.0012744665,0.047043882,0.70323604,-0.38753963,0.64167655,-0.24308755,23.0,65.0,14.0,23.0,43.0,34.0,20.0,67.0,13.0,24.0,66.0,9.0,3.2028244,2378284.449606948,789277.5654906313,7,mangroves
14,1429.0,1260.0,1560.0,2915.0,2105.0,701.02686,0.0013730526,0.045267865,0.342081,-0.14870395,0.3085804,-0.16135459,35.0,55.0,16.0,51.0,40.0,21.0,39.0,55.5,6.5,35.0,50.0,20.5,3.2067428,2378194.2212320226,789334.539593355,1,forest
15,2804.0,2514.0,2704.0,3260.0,3923.0,1030.6278,0.0012174249,0.0460593,0.07519788,-0.18394451,0.10152283,0.09230127,46.0,24.0,38.0,47.5,27.0,26.0,42.0,21.0,38.0,34.0,26.0,45.0,2.9363122,2378307.7043427527,789363.1429183957,4,buildup
16,3286.0,2780.0,3057.0,3487.0,4269.0,1328.5062,0.0020114183,0.05054324,0.029676655,-0.16543816,0.04067838,0.10082519,50.0,21.0,40.0,39.0,22.0,42.0,50.0,23.5,26.0,40.5,24.0,41.0,3.0287466,2378293.5189539124,789388.7231277821,4,buildup
17,3249.0,2905.0,3101.0,3383.0,3902.0,1040.4313,0.0008442998,0.04460378,0.020205049,-0.114379555,0.030208725,0.07124228,30.0,12.0,59.0,46.5,24.0,29.0,28.0,14.0,53.5,30.0,17.0,59.0,3.3911862,2378275.147712625,789367.793865557,4,buildup
18,1737.0,1534.0,1894.0,3467.0,3342.0,586.26263,0.0014677644,0.026143009,0.33243656,-0.27654698,0.34924096,-0.018358082,53.0,36.0,32.0,38.0,35.0,28.0,51.0,35.5,21.0,39.0,38.0,37.0,2.9363122,2378293.984048627,789343.8414876772,4,buildup
19,1967.0,1665.0,1860.0,3801.0,3568.0,835.5316,0.0012658834,0.03802112,0.3179612,-0.31466466,0.34958634,-0.031618975,37.0,38.0,50.0,30.0,29.0,46.0,37.0,37.5,47.0,29.0,44.0,42.0,3.4496639,2378380.9567605406,789373.8400968662,4,buildup
21,1709.0,1430.0,1755.0,3485.0,2967.0,643.57434,0.0012513995,0.032884657,0.341933,-0.2566709,0.34117106,-0.0802852,40.0,29.0,25.0,48.0,32.0,19.0,45.0,27.5,25.0,40.0,37.0,26.0,3.4729939,2378246.0792928673,789376.3981178051,4,buildup
22,3043.0,2459.0,2836.0,4289.0,4715.0,1182.736,0.0025917888,0.03448139,0.16993998,-0.24884121,0.22085147,0.047312308,12.0,15.0,81.0,34.0,19.0,57.0,27.0,15.5,76.0,13.5,14.0,81.0,3.7077618,2378370.2595820706,789415.4660739587,4,buildup
23,546.0,483.0,737.0,3532.0,2043.0,457.13937,0.000608176,0.028233841,0.73222166,-0.4697842,0.56615216,-0.26708516,39.0,52.0,11.0,41.5,46.0,18.0,39.0,53.0,15.0,30.0,52.0,13.0,4.1485744,2378162.82733868,789383.1419911889,1,forest
24,1172.0,913.0,1250.0,3608.0,2484.0,375.85663,0.00059503317,0.018026054,0.50962347,-0.3304767,0.44154426,-0.18450426,33.0,54.0,13.0,38.0,46.0,17.5,36.0,59.0,14.5,31.0,56.0,15.0,3.2067428,2378201.4302001223,789370.5844338537,1,forest
25,2201.0,1808.0,2166.0,3346.0,3281.0,1331.3293,0.0031874776,0.05285524,0.20641787,-0.20469981,0.2203279,-0.009808368,17.0,49.0,33.0,45.5,28.0,32.0,25.5,53.5,21.5,23.5,44.0,31.0,0.87613124,2378137.9447713727,789481.0444289303,4,buildup
26,2064.0,1707.0,1956.0,3512.0,3533.0,960.5963,0.00073102117,0.044733834,0.25968435,-0.28730187,0.27647308,0.0029808243,44.0,28.0,30.0,43.0,31.0,25.0,55.0,22.0,23.0,35.0,38.0,35.0,2.4661381,2378225.6151253623,789443.3717569255,4,buildup
27,2974.0,2772.0,2958.0,3850.0,4246.0,1395.187,0.0023959577,0.04696587,0.12837045,-0.17878957,0.2008437,0.04891306,53.0,37.0,23.0,57.5,28.0,21.0,53.0,39.5,15.0,41.5,37.0,26.5,3.3847618,2378199.802368614,789454.7665774698,4,buildup
28,3148.0,2917.0,3130.0,3750.0,4144.0,1061.6656,0.0016103387,0.042858332,0.087271675,-0.13940063,0.13986343,0.04991134,28.0,27.0,50.0,53.5,22.0,28.0,34.5,28.5,41.0,32.5,28.0,47.0,3.070021,2378283.286870157,789474.0680081885,4,buildup
29,3347.0,2881.0,3224.0,3714.0,4337.0,934.1747,0.000859797,0.036272593,0.051975656,-0.14720275,0.07527589,0.07738169,33.0,18.0,52.0,40.5,21.0,36.0,37.0,16.0,48.0,31.0,19.0,52.0,2.5737424,2378357.702024733,789436.8604308998,4,buildup
30,1805.0,1535.0,1805.0,3586.0,3560.0,1188.4254,0.004273355,0.05303665,0.33036542,-0.32712024,0.34506142,-0.0036383774,46.0,28.0,38.0,43.0,27.0,34.0,44.0,28.5,38.0,45.0,34.0,38.0,3.0287466,2378333.7496468546,789394.0717170173,4,buildup
31,2201.0,1972.0,2270.0,3894.0,3495.0,992.61884,0.001401484,0.038349867,0.27776867,-0.21248916,0.34382614,-0.053999193,30.0,34.0,50.0,36.0,26.0,36.0,40.5,34.0,26.0,34.5,44.0,29.0,2.9615302,2378319.564258014,789504.5317120941,3,grassland
32,1252.0,961.0,1339.0,1090.0,849.0,905.6003,0.017450035,0.102385,-0.069171675,0.22394882,-0.035543475,-0.12429087,27.0,35.0,42.0,50.5,34.5,22.0,41.0,51.0,13.5,24.5,39.0,42.0,0.0,2378128.8754244056,789402.6759692653,3,grassland
33,858.0,754.0,1060.0,3131.0,1861.0,928.2656,0.0025580227,0.05087927,0.56981707,-0.27422118,0.4501347,-0.25440705,33.0,54.0,17.0,40.0,46.5,18.5,32.0,55.0,14.0,32.5,61.0,13.0,1.5512319,2378064.9249009406,789495.927459846,3,grassland
34,1976.0,1727.0,1966.0,3310.0,3498.0,750.642,0.0013454556,0.03406727,0.25236472,-0.28038064,0.27305847,0.027614558,40.0,33.0,26.0,39.0,27.0,33.0,41.0,34.0,27.5,45.0,39.0,20.0,4.1957617,2377673.082602618,789812.6569615185,4,buildup
35,1623.0,1501.0,1701.0,3773.0,3551.0,806.5895,0.0012146235,0.03699424,0.39844325,-0.35224676,0.4386501,-0.03031129,46.0,43.0,13.0,40.0,38.0,20.0,48.0,43.5,14.0,44.0,49.0,19.5,2.4668124,2377771.2175877187,789865.212664439,4,buildup
36,2225.0,1823.0,2194.0,3607.0,3398.0,1229.3356,0.0018491149,0.056493122,0.23696849,-0.21530758,0.26007757,-0.029835846,49.0,27.0,28.0,47.0,24.5,36.0,49.0,28.0,22.5,51.0,28.0,33.0,3.170312,2377780.519482039,789718.7078288638,4,buildup
37,4271.0,4187.0,4557.0,4565.0,4027.0,1733.7198,0.0037083328,0.048177663,0.033272963,0.061742783,0.08363197,-0.06261637,21.0,47.0,50.0,36.0,45.0,39.5,37.0,39.5,45.0,22.0,43.0,43.0,2.7052994,2377810.28554387,789782.8908996872,4,buildup
38,1920.0,1490.0,1742.0,3655.0,3177.0,1000.51215,0.0019048452,0.047199,0.31121075,-0.29172596,0.30982146,-0.06996488,48.0,32.0,31.0,47.5,29.0,20.0,45.0,37.0,18.0,45.0,36.0,31.0,4.902946,2377981.4403994004,789813.5871509506,4,buildup
39,3115.0,2954.0,3058.0,3634.0,3988.0,827.2627,0.0016162992,0.031501044,0.07690027,-0.13198978,0.12759362,0.04644447,28.0,23.0,49.0,35.0,25.0,43.0,30.0,23.5,39.0,33.0,28.0,40.5,1.4798751,2377823.3081959225,789875.4447481934,4,buildup
40,1293.0,1055.0,1391.0,3856.0,3361.0,890.9361,0.0020849705,0.04694088,0.49776658,-0.4145623,0.46764952,-0.06858804,36.0,48.0,17.0,38.0,42.0,19.0,43.0,42.5,18.0,31.0,56.0,19.5,3.148493,2377956.7903794455,789896.8391051344,4,buildup
41,1648.0,1401.0,1690.0,3801.0,3532.0,875.8657,0.0015702248,0.040969063,0.3951184,-0.3527384,0.40833744,-0.03668352,41.0,37.0,23.0,42.0,37.0,14.0,44.0,34.5,25.0,38.0,49.0,23.0,3.3463812,2377658.1995717064,789747.5437012627,4,buildup
42,1682.0,1474.0,1699.0,3590.0,3516.0,1041.0919,0.002685666,0.049574375,0.36191198,-0.34841803,0.377762,-0.010413744,52.0,30.0,22.0,49.0,30.0,20.0,54.0,31.5,19.0,41.0,36.0,29.0,3.1936066,2377697.267527858,789758.2408797332,4,buildup
43,2357.0,1897.0,2205.0,3549.0,3620.0,1097.126,0.0014967322,0.034880735,0.20182866,-0.24291843,0.2213392,0.009903733,33.0,25.0,56.0,57.0,26.0,34.5,38.0,24.5,39.0,35.0,28.0,47.0,1.3280197,2377751.218514926,789674.5238308329,4,buildup
44,2298.0,2079.0,2215.0,3628.0,3196.0,1586.3793,0.003713429,0.07408753,0.2244347,-0.18129735,0.2812196,-0.063306004,45.0,44.0,15.0,53.0,35.0,14.0,41.0,44.5,15.0,44.5,47.0,18.0,3.7541547,2377638.2004989106,789686.1511987358,4,buildup
45,2453.0,1971.0,2257.0,4146.0,3359.0,1887.5519,0.004620433,0.07933746,0.25655404,-0.19622506,0.3005717,-0.10486343,19.0,46.0,35.0,36.0,42.0,29.0,24.5,46.0,32.0,17.0,48.0,43.0,3.1839123,2377543.3211768237,789823.354139989,4,buildup
46,2120.0,1852.0,2114.0,3735.0,3966.0,816.25714,0.0019062161,0.03403592,0.2758326,-0.30460525,0.3213291,0.029996129,32.0,37.0,23.0,43.0,34.0,22.0,35.0,39.0,13.0,32.0,45.0,22.5,3.958244,2377682.3844969408,789932.186303559,4,buildup
47,1671.0,1252.0,1670.0,4106.0,3656.0,1772.8389,0.007502258,0.0675059,0.42149904,-0.37288773,0.41293588,-0.05797477,40.0,51.0,13.0,40.0,47.0,26.0,32.5,56.0,13.0,27.0,58.0,12.0,3.1393032,2377591.2259325804,789908.0013783216,4,buildup
48,828.0,723.0,1087.0,3701.0,2827.0,875.6744,0.0016781092,0.03896673,0.6343564,-0.44455796,0.5422187,-0.1338848,38.0,59.0,10.0,44.5,53.0,11.0,35.0,59.5,14.0,38.0,61.0,3.0,2.5505066,2377482.393769012,789847.0739705105,4,buildup
49,857.0,731.0,1019.0,3824.0,2401.0,971.5593,0.002027154,0.05846998,0.6338389,-0.40409356,0.5501168,-0.22859439,49.0,49.0,27.0,50.0,41.0,20.0,49.0,48.0,14.0,47.0,49.0,11.0,4.7726626,2377514.0202097073,789722.8936813085,4,buildup
50,954.0,743.0,1136.0,3899.0,2610.0,1009.5688,0.001032412,0.05502583,0.6068411,-0.3934864,0.5240027,-0.19803348,33.0,60.0,11.0,35.0,55.0,11.0,32.0,59.5,10.0,28.0,61.0,16.0,4.9220414,2377464.720169801,789862.8871908586,4,buildup
51,2015.0,1597.0,1877.0,3393.0,2708.0,1556.449,0.0024724603,0.08502725,0.2548077,-0.18124317,0.25508127,-0.11227669,38.0,49.0,25.0,48.0,39.0,26.0,45.0,49.5,19.0,38.0,47.0,25.5,5.642153,2377454.022991331,789759.1710691653,4,buildup
52,1317.0,1089.0,1346.0,3550.0,2225.0,867.39813,0.0015199184,0.046365175,0.4588042,-0.24614953,0.4202266,-0.22943722,28.0,60.0,17.0,34.0,50.0,19.0,28.0,58.5,10.5,28.0,61.0,19.0,6.0183525,2377445.1861917223,789779.6352366742,4,buildup
53,719.0,644.0,916.0,3867.0,1708.0,844.75757,0.0009390414,0.04775524,0.68643695,-0.30182928,0.58946896,-0.38726458,23.0,67.0,17.0,40.0,58.0,10.0,17.0,68.0,17.0,28.0,64.5,10.0,5.239224,2377373.5616054432,789849.399444091,4,buildup
54,1376.0,1258.0,1370.0,3025.0,2174.0,825.8002,0.0012613833,0.05189494,0.37468758,-0.22686233,0.34800774,-0.16368534,30.0,62.0,9.0,38.0,53.0,13.0,29.0,63.0,12.0,30.0,61.0,8.0,4.464956,2377321.0059025222,789762.8918268944,4,buildup
55,3087.0,2982.0,3140.0,3471.0,2788.0,1861.2761,0.0035155714,0.070170626,0.05855443,0.059379216,0.09970916,-0.10912283,19.0,37.0,59.0,42.0,31.0,58.0,38.0,35.5,32.0,25.0,39.0,57.0,2.6405044,2377560.7622286757,789972.6495438609,4,buildup
56,1130.0,1025.0,1399.0,4181.0,2419.0,1022.9844,0.0018607676,0.050192706,0.5744681,-0.2671556,0.5746412,-0.2669697,14.0,69.0,14.0,37.0,50.0,25.5,22.0,68.5,14.0,15.5,74.0,12.0,4.0405235,2377483.323958444,789922.1867671628,4,buildup
57,1792.0,1532.0,1797.0,4078.0,2835.0,893.57434,0.0018939376,0.03820874,0.3894378,-0.22409324,0.42841083,-0.17980617,29.0,51.0,34.0,27.0,41.0,49.0,39.0,55.0,13.0,17.5,51.0,41.0,3.9531925,2377416.3503193236,789893.8159894794,1,forest
58,1160.0,955.0,1328.0,4325.0,3198.0,1035.3778,0.0022380948,0.05018025,0.5770283,-0.41316834,0.56027615,-0.14980727,22.0,58.0,34.0,39.0,56.0,34.0,29.0,57.0,16.0,22.0,54.0,43.0,2.7781944,2377574.947617519,789849.631991449,1,forest
59,388.0,352.0,606.0,3905.0,1183.0,593.7804,0.00052055717,0.040158637,0.8192406,-0.3225265,0.64684033,-0.5349843,5.0,93.0,6.0,18.0,74.0,8.5,6.0,90.0,8.5,7.0,88.0,9.0,10.687395,2377120.6082167183,789824.1099189031,1,forest
60,509.0,516.0,703.0,2920.0,1505.0,838.8469,0.0014463663,0.0715583,0.7031204,-0.36322466,0.4979759,-0.319774,17.0,72.0,12.0,28.5,61.0,15.0,26.0,68.0,12.0,16.0,72.0,15.5,10.90174,2377367.108416257,789722.2541760745,1,forest
61,766.0,627.0,865.0,3306.0,1899.0,924.50256,0.0020713508,0.06336153,0.62377214,-0.3740955,0.48107883,-0.270317,27.0,56.0,16.0,42.0,55.5,14.5,30.0,54.0,15.5,28.0,56.0,21.5,5.124711,2377444.7792338473,789734.8117334096,1,forest
62,873.0,786.0,1067.0,2789.0,1471.0,1991.8022,0.0062482655,0.131763,0.52321136,-0.15918045,0.39482355,-0.30938965,15.0,72.0,9.0,32.0,62.0,12.5,20.0,71.0,7.5,14.0,72.0,15.5,2.949152,2377340.132922723,789872.4797693786,1,forest
63,454.0,420.0,741.0,3702.0,1539.0,782.80444,0.001013577,0.045250744,0.7815207,-0.34999996,0.61163,-0.4127075,13.0,75.0,13.0,20.0,69.0,16.0,10.0,81.5,14.0,19.0,78.0,13.0,6.03283,2377110.8412276804,789861.7825909081,1,forest
64,413.0,400.0,695.0,3996.0,1281.0,802.876,0.0010037124,0.044420563,0.8126559,-0.29655868,0.66479886,-0.51449686,7.0,88.0,6.0,18.0,74.0,9.0,7.0,85.5,8.0,11.0,85.0,7.0,3.4405584,2377147.1186155374,789777.1353525757,1,forest
65,527.0,462.0,790.0,3123.0,1898.0,752.2235,0.0028624535,0.049256474,0.71123284,-0.41220236,0.5062402,-0.24397531,3.0,86.0,10.0,21.0,67.0,17.0,16.0,85.0,9.0,8.0,77.0,11.0,3.0760043,2377016.4270003084,789759.9268480793,1,forest
66,1184.0,977.0,1209.0,3261.0,3168.0,1756.2263,0.0019283891,0.09265045,0.46726656,-0.4475668,0.39827418,-0.014465692,26.0,69.0,19.0,30.0,55.0,17.0,24.0,69.5,19.0,23.0,70.0,14.5,1.4489342,2376982.009991316,789860.8524014759,1,forest
67,1063.0,882.0,1290.0,2032.0,1430.0,2275.2317,0.011646837,0.18432283,0.31308565,-0.051470634,0.20538366,-0.17388791,11.0,68.0,20.0,23.5,49.0,28.0,13.5,61.0,24.5,20.0,66.0,22.0,0.0,2376956.8948766463,789830.6212449285,1,forest
68,370.0,376.0,641.0,4070.0,1445.0,847.60016,0.0006454587,0.046276398,0.8333333,-0.38542667,0.6867112,-0.47597456,11.0,87.0,9.0,21.5,75.0,13.0,12.0,84.0,53.0,14.0,85.0,8.0,8.615292,2376496.916202412,789798.0646148007,1,forest
69,432.0,415.0,682.0,3453.0,1775.0,957.90015,0.0016132295,0.059453577,0.77760625,-0.44485143,0.5839938,-0.32096404,10.0,71.0,15.0,27.5,63.0,17.0,18.0,71.0,15.0,8.5,81.0,15.0,10.410595,2376434.593510453,789860.3873067598,1,forest
70,360.0,390.0,716.0,4646.0,1594.0,600.0343,0.00032314658,0.035353743,0.8561727,-0.38008657,0.77191854,-0.4891025,7.0,90.0,5.0,15.0,78.0,5.5,12.0,85.0,17.0,10.5,89.0,49.0,9.507464,2376414.1293429453,789791.0881940589,1,forest
71,412.0,413.0,762.0,4254.0,1595.0,920.1273,0.00091791153,0.045362733,0.8234033,-0.35341534,0.704773,-0.45460758,6.0,88.0,9.0,24.0,69.0,11.0,7.0,88.0,13.0,9.5,88.0,9.0,3.1261346,2376473.661466604,789732.0211651127,1,forest
72,592.0,558.0,737.0,2625.0,1513.0,961.58527,0.005061209,0.0801219,0.6319552,-0.34488887,0.42382416,-0.26872882,25.0,60.0,39.0,42.0,56.0,29.0,30.0,58.0,36.5,17.0,66.0,33.0,5.927621,2376349.481177404,789839.9231392511,1,forest
73,406.0,419.0,680.0,4230.0,1477.0,644.5185,0.00063431263,0.03699609,0.824849,-0.36949465,0.7069176,-0.4823901,5.0,89.0,5.0,18.0,77.0,8.5,12.5,85.0,8.0,8.0,91.0,5.0,4.5369687,2376362.9689241713,789733.416449261,1,forest
74,368.0,392.0,660.0,4198.0,1275.0,530.1135,0.00029972196,0.02887294,0.8388086,-0.31782946,0.71105003,-0.5340764,6.0,93.0,4.0,21.0,78.0,3.0,6.0,90.0,16.0,8.0,91.0,5.0,11.615031,2376323.435873302,789748.7645748926,1,forest
75,1402.0,1174.0,1651.0,2795.0,2131.0,1478.6681,0.006161839,0.0842258,0.33190373,-0.126917,0.28080148,-0.13479497,15.0,56.0,41.0,29.0,45.0,55.0,29.0,54.5,41.0,10.0,59.0,41.0,8.079384,2376269.949980949,789784.1117733172,1,forest
76,401.0,420.0,737.0,3833.0,1204.0,919.66864,0.0023475885,0.060745947,0.81058097,-0.2405976,0.6555123,-0.5219376,18.0,96.0,3.0,28.0,78.0,34.0,19.5,90.0,11.0,17.0,91.5,3.0,2.6784909,2376275.9962122603,789700.8598191332,1,forest
77,432.0,408.0,658.0,3743.0,1783.0,806.6476,0.0009660721,0.05077877,0.7930538,-0.46087664,0.62354046,-0.35468695,15.0,77.0,15.0,24.0,68.0,15.0,27.0,78.0,16.0,16.0,80.0,14.0,5.813417,2376501.1020548586,789856.2014543148,1,forest
78,367.0,381.0,660.0,4334.0,1252.0,758.2843,0.00033330917,0.044038113,0.84386295,-0.30962345,0.725043,-0.5517365,10.0,96.0,9.0,45.0,76.0,12.0,21.0,81.0,13.0,12.0,95.0,6.0,17.00776,2375972.289362639,789805.9712249747,1,forest
79,371.0,388.0,687.0,4765.0,1221.0,742.14514,0.00023660064,0.03959939,0.85552967,-0.2798742,0.78012925,-0.5920481,25.0,99.0,16.0,37.5,83.0,17.0,35.0,89.0,27.5,25.0,97.0,9.5,16.69075,2375933.221406485,789732.0211651131,1,forest
80,414.0,418.0,685.0,4080.0,1396.0,621.5674,0.0006863773,0.04024586,0.8157543,-0.34166268,0.6824782,-0.49013883,10.0,85.0,7.0,12.5,70.0,12.0,15.0,83.5,8.0,10.0,86.0,8.0,7.3440447,2376126.2357136733,789749.6947643252,1,forest
81,513.0,462.0,726.0,3539.0,1998.0,1037.57,0.0025779605,0.06424118,0.7467917,-0.4669604,0.5751977,-0.27830955,8.0,66.0,23.0,26.5,57.0,31.0,20.0,64.5,23.0,9.0,72.0,20.0,8.736389,2376046.2394225006,789860.8524014759,1,forest
82,371.0,388.0,687.0,4765.0,1221.0,742.14514,0.00023660064,0.03959939,0.85552967,-0.2798742,0.78012925,-0.5920481,25.0,99.0,16.0,37.5,83.0,17.0,35.0,89.0,27.5,25.0,97.0,9.5,16.69075,2375914.152523124,789736.6721122741,1,forest
83,375.0,397.0,676.0,4543.0,1231.0,633.2308,0.0003569126,0.033816665,0.847499,-0.29103306,0.75422525,-0.57360584,41.0,99.0,12.0,43.0,82.0,14.0,35.5,99.0,50.0,13.0,96.0,10.0,14.025349,2375913.6874284097,789665.977715425,1,forest
84,467.0,433.0,706.0,3840.0,1476.0,813.6494,0.0012749434,0.04594858,0.7831437,-0.3528872,0.62954944,-0.44469526,8.0,88.0,7.0,16.0,76.0,14.0,6.5,84.5,8.5,8.0,89.0,6.0,7.0181694,2376110.8875880414,789778.9957314403,1,forest
85,415.0,417.0,672.0,3834.0,1237.0,778.2533,0.0006982684,0.046941623,0.8046599,-0.2959665,0.6477096,-0.5121278,30.0,78.0,12.0,34.0,74.0,18.5,21.5,77.5,21.0,5.0,88.0,10.5,13.587372,2375890.4326926074,789779.4608261565,1,forest
86,444.0,431.0,675.0,3478.0,1167.0,1007.43176,0.0007714927,0.07405714,0.77358484,-0.26710096,0.5875518,-0.49752423,31.0,72.0,15.0,35.0,72.0,16.0,49.0,66.5,22.0,32.5,85.5,13.5,15.837741,2375783.460907898,789787.3674363304,1,forest
87,358.0,374.0,605.0,4040.0,1239.0,632.8168,0.00034815073,0.04081123,0.8371987,-0.3438178,0.6878129,-0.530593,11.0,94.0,5.0,19.0,76.0,10.5,15.0,88.0,17.0,11.0,90.0,9.0,13.404333,2375849.969452304,789726.9051232355,1,forest
88,353.0,373.0,650.0,4401.0,1213.0,856.41547,0.00044614077,0.049370624,0.8514934,-0.30220076,0.7375286,-0.5678661,8.0,92.0,7.0,17.0,79.0,7.0,25.0,89.0,27.5,7.5,93.0,12.0,14.811652,2375851.8298311653,789718.9985130618,1,forest
89,382.0,394.0,643.0,4078.0,1155.0,593.9136,0.00034457445,0.042682204,0.8286996,-0.28476086,0.68878126,-0.55857056,8.0,96.0,5.0,46.0,79.0,15.0,21.0,94.5,5.0,14.5,95.0,5.5,11.596635,2375759.7410773756,789728.3004073839,1,forest
91,364.0,380.0,606.0,4034.0,1143.0,790.05896,0.00037020445,0.049050797,0.8344703,-0.3070326,0.6863405,-0.5584315,6.0,97.0,5.0,26.5,73.0,13.0,12.5,93.5,30.0,22.0,94.0,7.0,14.231962,2375710.441037469,789727.8353126678,1,forest
92,347.0,386.0,627.0,4095.0,1279.0,727.40515,0.0005656183,0.043789543,0.84376407,-0.34207764,0.70546603,-0.52400446,8.0,91.0,6.0,19.5,74.0,3.0,5.0,90.0,44.5,15.0,89.0,5.0,7.230722,2375882.0609877137,789624.119190975,1,forest
93,378.0,415.0,720.0,4114.0,1342.0,749.55756,0.0005043745,0.042713363,0.83170086,-0.3016489,0.7038698,-0.5080645,5.0,96.0,9.0,23.0,77.0,6.0,10.0,87.0,18.0,7.0,93.0,42.0,6.571962,2375633.700409311,789695.7437772562,1,forest
95,419.0,456.0,703.0,3958.0,1345.0,878.05115,0.0020031333,0.050710045,0.80854464,-0.31347656,0.67786545,-0.49273995,6.0,93.0,2.0,26.0,75.0,6.0,9.0,90.5,6.0,7.5,88.0,7.5,4.653999,2375572.3079067813,789573.4238669189,1,forest
96,409.0,446.0,804.0,4043.0,1359.0,825.5456,0.0003516376,0.048973568,0.81626236,-0.2565881,0.6907695,-0.49685305,13.0,90.0,8.0,32.0,73.5,12.5,27.0,86.5,11.0,11.0,87.0,9.0,10.983382,2375503.473888799,789614.3522019364,1,forest
97,432.0,466.0,766.0,4106.0,1352.0,910.8558,0.0006198883,0.04588948,0.8096077,-0.2766761,0.69567513,-0.5045805,6.0,92.0,9.0,35.0,78.0,14.0,23.0,87.0,9.0,9.0,91.0,9.0,6.759453,2375478.358774127,789535.7511949138,1,forest
100,410.0,430.0,682.0,4211.0,1316.0,723.18787,0.0007095039,0.04442142,0.8225492,-0.31731734,0.70671576,-0.5237923,5.0,96.0,8.0,19.5,79.0,7.0,5.0,93.0,19.0,13.0,94.0,8.0,7.865697,2375695.092911837,789675.2796097472,1,forest
101,431.0,447.0,756.0,4222.0,1414.0,715.95856,0.0008608699,0.04407397,0.81474316,-0.3032258,0.7043588,-0.49822566,6.0,92.0,9.0,18.0,82.0,5.0,25.0,87.0,10.0,16.0,92.0,9.0,4.9025264,2375818.343011605,789679.465462192,1,forest
102,418.0,419.0,668.0,3283.0,1145.0,1025.4077,0.00087597966,0.06940294,0.77411515,-0.26309985,0.5662727,-0.4828365,9.0,78.0,17.0,40.0,69.0,18.0,14.0,75.0,16.0,18.0,80.0,15.0,16.578358,2375749.9740883377,789782.2513944531,1,forest
103,587.0,566.0,861.0,3580.0,1821.0,1232.6954,0.005551696,0.07159355,0.71826255,-0.35794187,0.58197874,-0.32568046,6.0,79.0,17.0,32.0,62.0,20.0,12.0,75.0,17.0,7.0,83.0,12.0,0.0,2374873.96819054,789395.757685364,1,forest
104,1341.0,1018.0,1427.0,2843.0,2248.0,1615.9673,0.003430605,0.091756076,0.35898662,-0.22340137,0.2833107,-0.1168729,24.0,67.0,10.0,22.5,55.0,17.5,23.5,65.0,19.0,22.5,74.0,10.0,2.2307103,2374847.6903390796,789482.0327552028,1,forest
105,543.0,512.0,793.0,3863.0,1352.0,784.4967,0.0013154745,0.04335958,0.75351787,-0.26060602,0.624953,-0.4814957,10.0,84.0,7.0,22.0,70.0,19.0,27.5,79.5,13.0,7.5,93.0,5.5,6.313932,2373264.275378077,789638.5371271743,1,forest
107,457.0,450.0,721.0,4530.0,1365.0,588.81915,0.00041899085,0.03142119,0.8167234,-0.30872485,0.73271203,-0.5368957,3.0,92.0,8.0,25.0,72.0,10.0,50.5,90.0,10.5,5.5,97.0,4.0,11.871364,2373170.791340137,789706.906050443,1,forest
109,476.0,440.0,739.0,4274.0,1398.0,570.93536,0.00042259693,0.03152786,0.79957896,-0.30837622,0.6865509,-0.5070521,4.0,83.0,13.0,22.0,71.0,17.0,44.0,81.0,12.0,4.0,86.5,13.0,7.2904224,2373121.0262055127,789758.0664692149,1,forest
113,398.0,411.0,690.0,4455.0,1218.0,572.5875,0.000839591,0.03034364,0.8359778,-0.27672955,0.73707354,-0.5705976,10.0,99.0,6.0,24.0,83.0,4.0,46.0,70.0,21.0,24.0,99.0,49.5,13.670577,2372923.360951166,789800.8551830977,1,forest
115,384.0,418.0,742.0,4785.0,1361.0,459.26205,0.0002334714,0.02665126,0.85142195,-0.29434142,0.78848356,-0.5571103,21.0,99.0,7.0,49.5,83.0,20.5,60.0,81.0,9.5,24.0,98.0,5.0,15.117948,2372988.9393061395,789862.7127803402,1,forest
116,498.0,464.0,763.0,4231.0,1412.0,831.00287,0.0006920099,0.04458207,0.7893846,-0.2983908,0.6792707,-0.49955696,7.0,84.0,11.0,23.0,74.0,17.5,20.0,77.0,14.0,13.5,88.0,11.0,12.755038,2373034.053493602,789918.9892409899,1,forest
118,400.0,407.0,666.0,4131.0,1172.0,450.95593,0.00037792325,0.029041542,0.8234386,-0.27529922,0.69202805,-0.557986,9.0,88.0,7.0,14.0,79.0,8.5,50.0,79.0,13.0,6.0,94.0,8.0,13.983735,2372855.4571226137,789904.5713047904,1,forest
119,406.0,425.0,695.0,3855.0,1192.0,668.5508,0.00092190504,0.039059043,0.8094344,-0.26338103,0.6580303,-0.5276402,14.0,76.0,17.0,27.0,75.0,15.5,30.0,70.0,17.0,14.0,90.0,14.0,14.230806,2372905.687351955,789923.640188151,1,forest
120,480.0,465.0,725.0,4057.0,1277.0,466.77594,0.0005465746,0.028530074,0.78840643,-0.2757243,0.6648946,-0.52118486,13.0,83.0,12.0,21.0,76.0,12.5,28.5,78.5,11.5,13.0,87.0,12.0,13.95877,2372972.6609910754,789927.36094588,1,forest
122,438.0,440.0,596.0,3451.0,1547.0,631.0845,0.0017715693,0.038183957,0.7747493,-0.44377044,0.5894436,-0.3809524,6.0,76.0,17.0,25.5,64.0,14.0,39.0,69.0,19.0,10.0,76.0,16.0,4.3698707,2372801.506135545,789834.8070973739,1,forest
123,428.0,442.0,788.0,4478.0,1214.0,475.18997,0.0003528893,0.028048685,0.82551974,-0.21278721,0.7373826,-0.5734364,20.0,99.0,9.0,44.0,81.0,50.0,39.5,94.0,24.0,8.5,97.0,47.0,11.008244,2372697.790013853,789974.3355122075,1,forest
124,688.0,576.0,918.0,3759.0,2175.0,935.1425,0.0015482903,0.04923938,0.6905779,-0.40640154,0.5658952,-0.2669363,10.0,68.0,18.0,30.0,64.0,14.0,19.0,69.0,17.0,10.0,70.0,29.0,9.314501,2372740.5787277333,790028.7515939926,1,forest
125,479.0,482.0,882.0,4874.0,1412.0,1387.0188,0.0034855306,0.057481304,0.8210349,-0.2310375,0.7774358,-0.5507477,3.0,98.0,48.0,47.0,82.0,53.0,47.5,94.0,45.0,2.5,98.0,86.0,5.1981573,2372717.7890866464,789936.6628402021,1,forest
127,440.0,464.0,645.0,3712.0,1223.0,625.78955,0.00083863735,0.041605078,0.78805393,-0.30942184,0.63548785,-0.5043566,3.0,94.0,10.0,74.0,71.5,15.0,14.0,87.5,16.5,3.0,94.0,10.0,12.997608,2372013.6356864497,790778.9493710813,1,forest
128,492.0,473.0,701.0,3424.0,1297.0,818.8799,0.0012143254,0.0567638,0.7487232,-0.2982983,0.5713841,-0.45054016,14.0,85.0,5.0,23.0,75.0,14.0,23.0,79.5,14.0,10.0,90.0,8.0,4.951436,2372377.3397544506,790414.315113649,1,forest
129,631.0,580.0,876.0,3565.0,1549.0,1142.1982,0.001998037,0.06678702,0.69923735,-0.27752575,0.56418735,-0.39421198,9.0,66.0,19.0,39.0,62.0,18.5,17.5,65.5,19.0,8.0,83.0,12.5,7.2198734,2372475.009644834,790274.7866988159,1,forest
132,390.0,423.0,638.0,4076.0,1202.0,448.69928,0.0007510185,0.025298992,0.82534707,-0.30652174,0.695813,-0.54452443,4.0,98.0,7.0,52.0,56.0,10.0,35.0,92.5,37.0,5.0,95.0,3.0,13.020819,2372025.7281490723,790705.4644059354,1,forest
133,533.0,499.0,765.0,3832.0,1466.0,860.8467,0.0013700128,0.05205003,0.7557847,-0.31420887,0.6206961,-0.4465836,3.0,91.0,10.0,62.5,69.0,16.0,52.0,89.0,10.0,4.5,92.0,9.0,12.57552,2372135.4905020734,790699.8832693421,1,forest
135,509.0,473.0,718.0,3731.0,1257.0,881.1505,0.0018042326,0.051656,0.75990564,-0.2729114,0.6084986,-0.4959904,5.0,93.0,5.0,60.0,69.5,9.0,14.0,89.0,11.0,5.0,94.0,6.5,10.267297,2372075.9583784114,790731.5097100373,1,forest
136,467.0,453.0,735.0,3700.0,1224.0,674.5,0.00069892406,0.0441672,0.7758579,-0.24961716,0.61677283,-0.50284326,5.0,79.0,19.0,29.0,64.0,29.0,7.0,70.5,19.5,9.0,81.0,16.0,5.7505774,2371499.2409304325,791126.8402187328,1,forest
138,378.0,400.0,639.0,4287.0,1219.0,508.4278,0.0003016889,0.033566564,0.8379422,-0.3121636,0.72095174,-0.5572103,34.0,99.0,5.0,28.0,75.0,25.5,32.0,96.0,9.0,20.0,98.0,6.0,14.854347,2371234.1369422474,791282.1818539139,1,forest
139,407.0,420.0,662.0,3894.0,1268.0,713.61426,0.0006738901,0.045406677,0.8107417,-0.3139896,0.6611179,-0.50871754,2.0,98.0,4.0,23.5,77.0,10.0,5.0,94.5,26.0,1.0,98.0,6.0,11.771972,2371127.1651575407,791330.5517043897,1,forest
141,453.0,453.0,726.0,3927.0,1193.0,901.88965,0.00076523423,0.06004006,0.79315066,-0.24335591,0.65559536,-0.53398436,4.0,95.0,2.0,24.0,68.0,21.5,6.0,90.0,10.0,3.0,95.0,47.0,12.224897,2371103.910421736,791410.5479955612,1,forest
142,409.0,424.0,643.0,4064.0,1165.0,864.1073,0.0008624494,0.04295706,0.817125,-0.28871682,0.6850727,-0.55440813,3.0,97.0,5.0,31.0,76.0,30.0,23.0,76.5,13.0,3.5,96.0,11.0,14.096008,2370889.036662893,791591.9349348448,1,forest
144,462.0,471.0,774.0,4212.0,1302.0,898.354,0.0012635589,0.052245695,0.80231065,-0.25433525,0.6969483,-0.5277476,12.0,77.0,13.0,25.5,69.0,34.0,24.5,65.0,20.5,14.0,84.0,15.0,7.291938,2370646.257221081,791719.3708870595,1,forest
145,437.0,434.0,695.0,3864.0,1330.0,610.753,0.00052171946,0.038013015,0.79679143,-0.31358024,0.64753234,-0.48787066,8.0,83.0,10.0,29.0,66.5,47.0,8.5,78.5,13.0,10.0,90.0,9.0,10.880723,2370516.030700569,791857.0389230289,1,forest
146,433.0,436.0,681.0,3853.0,1235.0,796.07184,0.00079101324,0.040024284,0.7979468,-0.28914404,0.64866096,-0.514544,4.0,95.0,8.0,30.5,84.0,45.0,14.5,85.0,14.0,4.0,93.0,8.0,12.07851,2370458.358955775,791872.8521433767,1,forest
148,629.0,578.0,828.0,3721.0,1468.0,779.57245,0.0016869307,0.043132756,0.7108046,-0.27874562,0.587386,-0.4341877,5.0,79.0,14.0,14.5,67.0,35.5,13.0,79.0,15.5,3.0,84.0,14.5,8.208116,2370260.2286067074,792010.5201793456,1,forest
149,514.0,490.0,710.0,3573.0,1374.0,757.3923,0.0016549826,0.0449123,0.7484707,-0.31861803,0.58908486,-0.44451183,5.0,87.0,11.0,9.0,64.0,50.0,22.5,84.5,11.0,10.0,89.0,6.5,10.775748,2370230.4625448766,792047.7277566347,1,forest
150,450.0,460.0,759.0,4278.0,1479.0,759.61945,0.0004387498,0.040351108,0.8096446,-0.3217158,0.7074216,-0.48619077,5.0,80.0,14.0,34.5,77.0,12.5,12.5,80.5,10.0,12.0,82.0,14.0,5.1953754,2369988.6132924994,792225.3939381895,1,forest
151,487.0,446.0,760.0,4212.0,1430.0,571.4219,0.000842154,0.03414563,0.79272187,-0.3059361,0.6753571,-0.49308753,6.0,81.0,11.0,20.0,72.0,26.0,14.5,77.5,13.0,17.0,81.0,11.0,7.151394,2369932.8019265668,792334.2261017598,1,forest
152,394.0,419.0,702.0,2881.0,1034.0,963.90515,0.0011943579,0.07566537,0.7593893,-0.19124421,0.51373684,-0.47177526,18.0,87.0,7.0,20.5,76.0,17.0,19.5,79.0,10.5,22.0,85.0,15.0,9.647261,2369841.6433622064,792328.6449651662,1,forest
153,447.0,462.0,814.0,4362.0,1418.0,975.93585,0.0013014078,0.043770336,0.8140986,-0.27060935,0.72078204,-0.5093425,5.0,85.0,10.0,24.0,76.0,16.0,13.0,82.5,7.0,16.0,85.0,28.5,8.278108,2369731.8810092057,792430.9658027109,1,forest
154,505.0,481.0,757.0,4137.0,1338.0,732.1303,0.00032263994,0.04029439,0.78242135,-0.27732697,0.6696412,-0.5112329,7.0,93.0,6.0,31.0,85.0,13.5,43.0,91.0,12.0,6.5,93.0,6.5,12.201741,2369558.865774811,792545.3791028743,1,forest
155,459.0,472.0,708.0,4018.0,1205.0,850.2925,0.00045263767,0.052131336,0.79495203,-0.25980136,0.67242295,-0.53857934,50.0,96.0,3.0,30.5,88.0,15.0,26.0,89.5,14.0,38.0,94.0,6.0,14.278332,2369508.6355454717,792595.6093322145,1,forest
156,383.0,437.0,692.0,4003.0,1396.0,752.2718,0.00061908364,0.043961275,0.8253534,-0.33716473,0.69489765,-0.48286718,6.0,92.0,5.0,26.5,78.5,5.0,7.5,88.5,14.0,7.0,92.5,95.0,6.425395,2369285.390081738,792721.1849055646,1,forest
157,372.0,415.0,623.0,4052.0,1365.0,962.2404,0.00084137917,0.056286648,0.8318264,-0.37323946,0.6984778,-0.49603102,5.0,94.0,41.0,34.0,73.0,46.5,6.5,92.5,13.0,7.0,92.0,94.0,8.473159,2369183.999433625,792755.6019145567,1,forest
158,407.0,448.0,648.0,3718.0,1279.0,761.48395,0.0005763173,0.044059306,0.8026667,-0.327452,0.6466797,-0.48809284,3.0,96.0,3.0,24.5,80.0,5.0,14.0,83.0,6.0,3.0,93.0,6.0,10.860987,2369356.084478588,792665.373539631,1,forest
159,1268.0,1012.0,1332.0,3599.0,2155.0,1899.8165,0.007476032,0.10422216,0.4789398,-0.23601949,0.42795765,-0.25095585,11.0,62.0,37.0,42.5,58.0,41.0,17.0,59.5,26.5,8.0,65.0,29.0,9.807612,2369523.518576386,792656.0716453089,1,forest
160,388.0,428.0,647.0,3982.0,1245.0,779.91846,0.00053459406,0.046220705,0.8224256,-0.31606764,0.68587786,-0.5236273,4.0,95.0,3.0,25.0,78.0,12.0,13.0,85.0,10.0,5.0,94.0,85.0,11.896608,2368957.963401592,792681.1867599788,1,forest
161,438.0,456.0,676.0,3571.0,1173.0,922.52795,0.001691103,0.062391307,0.78149164,-0.26879397,0.6129197,-0.5054806,5.0,86.0,9.0,32.5,77.5,17.0,15.5,82.5,12.0,32.0,91.0,8.5,11.10046,2369055.6332919784,792775.1358926336,1,forest
162,565.0,555.0,797.0,3143.0,1923.0,1019.0993,0.0023511052,0.07455942,0.69525355,-0.4139706,0.5209975,-0.24082114,9.0,80.0,19.0,12.0,44.0,20.5,19.0,79.5,15.0,15.0,85.0,12.5,3.143859,2367123.1647465327,792418.8733400918,1,forest
163,666.0,627.0,953.0,3025.0,1692.0,1091.8577,0.0020432472,0.07366426,0.63912225,-0.27939513,0.4787515,-0.2825949,2.0,68.0,32.0,66.0,46.5,37.0,23.0,64.0,28.0,9.0,68.0,29.5,7.0439963,2367683.138784733,792523.9847459332,1,forest
164,404.0,429.0,661.0,4184.0,1179.0,581.87384,0.00036740303,0.030069882,0.8238884,-0.28152174,0.7057242,-0.5603207,64.0,90.0,8.0,24.0,72.0,15.0,18.0,85.0,9.0,40.5,91.0,8.0,13.358185,2364917.685602732,792583.5168695956,1,forest
165,540.0,498.0,747.0,3361.0,1281.0,1114.2958,0.002941072,0.075288594,0.723148,-0.2633136,0.5481502,-0.44808275,50.0,88.0,11.0,50.5,51.0,20.0,40.0,73.0,14.5,48.0,86.0,6.5,10.701659,2364834.8987432625,792590.0281956212,1,forest
166,682.0,603.0,855.0,3149.0,1899.0,1458.8662,0.00430876,0.09687081,0.64395726,-0.37908497,0.4849236,-0.24762283,11.0,61.0,36.0,18.0,55.0,35.0,12.5,59.0,34.5,13.0,62.0,32.5,9.333858,2364765.1345358454,792624.4452046133,1,forest
169,387.0,405.0,630.0,3921.0,1272.0,724.7262,0.0006469488,0.046292733,0.8203342,-0.33753946,0.6690394,-0.5101098,6.0,95.0,4.0,16.0,78.0,10.0,25.0,93.0,5.5,6.0,92.0,7.5,9.456842,2365048.842312673,792495.1488735344,1,forest
170,492.0,462.0,720.0,3799.0,1413.0,739.38934,0.0014028549,0.05479498,0.7706828,-0.32489452,0.6222716,-0.45778975,6.0,80.0,14.0,14.5,63.0,33.0,27.0,70.5,17.0,21.0,84.0,14.0,8.438343,2365150.232960786,792514.6828516108,1,forest
171,423.0,441.0,683.0,3327.0,1176.0,820.4147,0.0015369058,0.055511545,0.77440006,-0.26519635,0.57814056,-0.47768158,4.0,78.0,17.0,20.0,73.0,28.5,11.5,73.0,17.5,5.0,81.0,15.0,14.418442,2365372.5482350877,792448.6394019229,1,forest
172,406.0,431.0,682.0,4154.0,1175.0,735.873,0.00032436848,0.045453362,0.8219298,-0.26548195,0.7014785,-0.5590167,18.0,99.0,3.0,19.5,82.0,34.5,25.0,86.5,4.0,20.0,99.0,5.0,9.439517,2365401.3841074863,792391.8978465572,1,forest
174,448.0,451.0,670.0,3400.0,1056.0,1002.78046,0.001370728,0.061952394,0.7671517,-0.22363846,0.5808508,-0.5260323,5.0,90.0,6.0,48.0,61.5,33.5,28.0,80.0,6.0,13.0,90.0,6.0,14.210298,2364174.4642463843,792899.7812765519,1,forest
176,406.0,435.0,643.0,3803.0,1139.0,838.4715,0.0014387965,0.043325253,0.80708003,-0.2783389,0.65445226,-0.53905296,17.0,79.0,13.0,19.0,79.5,46.0,20.0,76.5,6.0,25.0,89.0,6.0,7.4167156,2363321.480537036,793292.3212169507,1,forest
177,413.0,414.0,645.0,3852.0,1203.0,742.3049,0.00082051754,0.044821896,0.8063306,-0.30194807,0.6500945,-0.5240356,6.0,82.0,13.0,58.0,60.0,15.0,21.0,74.0,8.5,14.5,93.0,7.0,10.604489,2363444.265542092,793238.3702298815,1,forest
178,362.0,370.0,602.0,3801.0,1110.0,563.3718,0.00030642748,0.03713321,0.826087,-0.29672897,0.65142447,-0.5479536,32.0,98.0,14.0,21.5,75.0,9.0,22.0,87.0,13.5,34.0,99.0,4.0,15.217693,2361282.5053016013,793730.905534244,1,forest
179,383.0,388.0,619.0,3969.0,1134.0,518.475,0.0006825924,0.03283542,0.8239889,-0.29378206,0.67118365,-0.5555556,5.0,95.0,19.0,25.5,75.0,11.0,5.0,90.5,11.0,8.0,96.0,42.5,10.637835,2361178.324085194,793788.5772790418,1,forest
180,346.0,376.0,611.0,4270.0,1134.0,464.4363,0.00023037195,0.028346643,0.8500867,-0.2997135,0.72526985,-0.58031094,44.0,99.0,85.0,47.0,76.0,8.0,59.0,98.0,15.0,27.5,97.0,2.5,16.07441,2361043.446617521,793647.1884853436,1,forest
181,354.0,388.0,634.0,4155.0,1126.0,671.7318,0.00032317638,0.044279408,0.8429807,-0.27954546,0.7107861,-0.57356554,17.0,98.0,7.0,28.0,71.0,9.0,24.0,96.0,7.0,12.0,93.0,8.5,13.185187,2360906.7087709834,793675.0941683106,1,forest
183,383.0,418.0,700.0,4039.0,1221.0,607.9359,0.000320673,0.03924817,0.8267752,-0.2712129,0.69231933,-0.53574145,8.0,99.0,5.0,30.0,73.0,8.0,9.5,93.5,6.5,7.0,94.0,5.0,11.33987,2360734.623726018,793545.7978372313,1,forest
185,399.0,400.0,677.0,3970.0,1136.0,592.61633,0.0007326603,0.034280412,0.8173495,-0.25317156,0.66802603,-0.55503327,6.0,97.0,9.0,22.0,76.0,14.0,7.5,87.0,11.0,26.0,97.0,5.0,12.299452,2361425.754474165,793785.7867107452,1,forest
186,370.0,389.0,650.0,4049.0,1080.0,499.67444,0.00040322542,0.031156551,0.8325413,-0.24855493,0.68887395,-0.5788653,4.0,94.0,5.0,19.5,76.0,9.0,12.0,87.0,7.0,6.0,93.0,11.0,8.338334,2361413.6620115424,793609.9809080549,1,forest
187,367.0,387.0,655.0,4277.0,1196.0,565.7641,0.0003272295,0.03412932,0.84194654,-0.29227445,0.7199941,-0.5629454,10.0,99.0,76.0,23.5,80.0,19.0,15.0,97.5,8.5,28.0,99.0,49.5,8.539586,2361555.0508052413,793690.9073886583,1,forest
188,380.0,399.0,553.0,2688.0,1593.0,711.9924,0.0021787286,0.04913851,0.7522816,-0.48462257,0.48181704,-0.25578135,7.0,77.0,18.0,15.5,46.0,39.5,9.0,69.5,21.0,8.5,78.0,15.5,3.7138088,2372291.2972319718,784069.0279017346,1,forest
189,572.0,534.0,748.0,2402.0,1159.0,1262.5093,0.0036275983,0.12461482,0.6153329,-0.21552178,0.38676134,-0.34905925,6.0,82.0,13.0,22.0,49.0,28.0,9.0,61.0,21.5,12.0,75.0,16.0,8.929581,2372678.2560357805,784149.0241929059,1,forest
190,428.0,437.0,651.0,3319.0,1453.0,1081.5603,0.0026085377,0.06194008,0.77155054,-0.3811787,0.57317895,-0.39103103,6.0,76.0,15.0,22.0,54.0,25.5,24.0,65.0,10.5,15.0,73.0,15.0,3.915025,2370731.3695541327,783598.3520490292,1,forest
191,413.0,440.0,607.0,2927.0,1185.0,1041.5201,0.0023667514,0.07473298,0.7526946,-0.32254466,0.51920694,-0.42363814,12.0,83.0,14.0,23.5,35.0,44.5,25.0,60.0,20.0,26.0,70.0,16.0,6.452257,2371343.4342005365,783796.482398093,1,forest
196,3489.0,3268.0,3364.0,5148.0,4607.0,2106.5996,0.003920853,0.07545745,0.1920806,-0.15594028,0.35840824,-0.055458747,39.0,54.0,31.0,45.0,32.0,35.0,24.5,63.0,12.0,33.0,59.0,25.5,4.262881,2378319.2852111747,789609.113442499,4,buildup
197,1430.0,1160.0,1525.0,3752.0,3370.0,812.843,0.0010628104,0.036467858,0.4480895,-0.37691522,0.42583627,-0.053636603,47.0,43.0,12.0,37.0,39.0,29.0,50.0,41.5,12.0,36.0,51.0,21.0,2.5246487,2378189.9840263976,789672.0031238092,4,buildup
198,2299.0,2092.0,2315.0,3797.0,3969.0,852.4524,0.0010344982,0.033523194,0.24573492,-0.26320815,0.31467944,0.022147816,51.0,33.0,16.0,45.0,30.0,22.0,59.0,30.5,19.0,50.0,36.0,13.0,2.4657974,2378202.5619626576,789571.3796337125,4,buildup
199,2312.0,1746.0,2155.0,4597.0,4397.0,1245.4846,0.0028293133,0.040374175,0.33072805,-0.34218562,0.37156886,-0.022237025,39.0,37.0,26.0,36.5,28.0,37.0,39.0,37.5,21.0,37.5,40.0,23.5,2.6038601,2378263.4391741646,789539.1801168815,4,buildup
200,2313.0,2015.0,2281.0,3325.0,3727.0,890.06384,0.002090007,0.037327316,0.1794963,-0.24067909,0.20925523,0.057005096,37.0,14.0,62.0,40.0,17.0,48.5,41.0,14.0,43.0,47.5,13.5,38.5,4.1230307,2377994.774455608,789683.0717077198,4,buildup
201,2613.0,2465.0,2678.0,3682.0,3649.0,639.5608,0.0010397136,0.02585274,0.16981731,-0.15346925,0.24580361,-0.0045014475,53.0,25.0,20.0,43.0,27.0,32.0,53.0,25.5,18.5,44.0,36.0,23.5,1.9808606,2378046.595553007,789760.048677644,4,buildup
202,1563.0,1384.0,1600.0,3083.0,3045.0,949.60486,0.0017130077,0.057179485,0.32716316,-0.31108722,0.31454352,-0.006201003,47.0,42.0,23.0,45.0,42.0,17.0,54.0,37.0,15.0,45.0,51.0,26.0,3.93666,2378019.930328131,789612.1321472016,4,buildup
203,2785.0,2644.0,2839.0,3722.0,3703.0,1064.9899,0.0011763275,0.037774276,0.14399882,-0.13206972,0.22094893,-0.0025589457,11.0,19.0,80.0,26.0,20.0,64.0,30.0,17.5,68.0,23.0,26.0,73.0,2.5552685,2378103.4478249145,789580.9388652719,4,buildup
204,3776.0,3421.0,3557.0,3922.0,4470.0,1375.2246,0.002931118,0.04547999,0.018965937,-0.11374114,0.03342332,0.065300286,27.0,8.0,73.0,28.5,12.0,65.0,40.0,13.5,56.5,19.0,8.0,87.0,1.9480231,2378077.7888349383,789691.1215869274,4,buildup
234,1232.0,896.0,1321.0,2021.0,1504.0,1471.2336,0.011509687,0.12119755,0.24254534,-0.06477875,0.1554006,-0.14666666,30.0,34.0,50.0,52.0,29.0,73.0,48.0,20.0,48.0,52.0,37.0,39.5,0.0,2379138.704880327,785335.1630974909,5,baresoil
240,597.0,850.0,971.0,2001.0,1559.0,1024.4221,0.0066061914,0.086463645,0.5404157,-0.23241109,0.38119027,-0.12415731,14.0,70.0,22.0,35.0,41.0,73.0,5.5,63.0,33.0,18.5,62.5,28.5,0.0,2376944.988648054,785127.8341696509,6,water
241,1608.0,1344.0,1592.0,2913.0,2454.0,793.9667,0.0020357966,0.045728635,0.288653,-0.21304993,0.26139736,-0.085522644,20.0,36.0,41.0,34.0,32.5,47.0,16.0,32.5,52.5,20.0,37.5,52.0,0.0,2377022.9032690935,785154.439162202,6,water
242,399.0,714.0,757.0,609.0,545.0,591.3975,0.0182634,0.09170066,0.20833331,0.16282643,0.06864539,-0.055459276,12.0,49.0,38.0,53.0,35.0,75.0,14.0,39.0,38.5,37.5,50.0,39.5,0.0,2376770.7892920645,785086.026324214,6,water
243,1355.0,1187.0,1439.0,3100.0,2459.0,815.4009,0.001537323,0.04275159,0.39169472,-0.26167265,0.35388362,-0.11530851,40.0,47.0,9.0,51.5,31.0,17.0,46.5,41.5,8.5,42.0,45.0,12.5,2.6710742,2376100.059311161,785082.565514734,3,grassland
244,1774.0,1575.0,1811.0,3055.0,2754.0,984.1684,0.0021329522,0.052796636,0.26527232,-0.20657179,0.26942334,-0.051816124,39.0,35.0,24.0,54.5,31.0,22.5,45.0,34.5,25.0,41.5,35.0,29.5,3.235629,2376119.290547486,785046.322030888,3,grassland
245,956.0,856.0,1143.0,1672.0,911.0,1535.1177,0.008054614,0.15844207,0.2724505,0.11295033,0.162905,-0.29461864,9.0,58.0,34.0,42.0,48.0,32.0,35.0,57.0,40.0,14.0,72.0,25.0,6.013456,2376262.7851569992,785173.5440558173,3,grassland
246,597.0,553.0,932.0,3541.0,2031.0,637.7472,0.002067864,0.043438293,0.71145475,-0.37090787,0.56722283,-0.27099785,5.0,84.0,12.0,17.0,54.5,30.0,9.5,81.0,12.5,13.5,84.0,9.0,2.269741,2376167.3686383013,785033.3779295143,3,grassland
247,637.0,586.0,964.0,3660.0,2079.0,780.66455,0.0017818213,0.045478046,0.7035141,-0.36641473,0.5774815,-0.27548352,7.0,90.0,9.0,17.0,61.5,41.5,7.0,88.0,11.0,22.0,85.0,15.0,2.5981584,2376265.3739772746,785050.0203455659,3,grassland
248,638.0,600.0,970.0,3527.0,2034.0,776.8823,0.001683414,0.05019564,0.69363743,-0.35419437,0.56184363,-0.26847687,5.0,88.0,9.0,30.0,66.0,30.0,7.0,83.0,12.5,12.0,84.0,17.0,1.9018683,2376198.064650128,785048.171188227,3,grassland
249,1249.0,1000.0,1322.0,3386.0,2352.0,774.25745,0.0020656288,0.043057084,0.4610572,-0.2803484,0.39929,-0.18020217,27.0,66.0,5.0,40.0,52.0,26.0,30.5,62.5,6.0,24.5,61.0,14.0,1.9046899,2376135.9329635384,785042.6237162097,3,grassland
250,1157.0,925.0,1281.0,4433.0,2548.0,1301.3744,0.002572,0.06494468,0.5860465,-0.33089578,0.5672727,-0.27001867,26.0,69.0,8.0,46.5,41.0,38.0,29.0,65.0,9.5,29.0,66.0,16.0,2.0230434,2376135.9329635384,785017.8450078658,3,grassland
251,564.0,505.0,854.0,4002.0,2134.0,624.01685,0.0013233423,0.036367916,0.7529566,-0.42838022,0.6320551,-0.30443284,14.0,77.0,11.0,23.0,58.0,18.5,7.5,81.0,13.0,16.0,76.0,16.0,2.934655,2376322.328023319,785114.3710209664,3,grassland
252,613.0,554.0,808.0,3892.0,2289.0,743.65247,0.0015808642,0.042912267,0.7278579,-0.4782047,0.6110696,-0.25934315,8.0,74.0,16.0,19.5,63.0,27.0,18.0,74.0,13.0,12.0,73.0,16.0,7.114714,2376280.5370674543,785136.5609090355,3,grassland
253,670.0,622.0,827.0,3271.0,2255.0,1028.6052,0.004467249,0.058317747,0.65998477,-0.4633355,0.51500875,-0.18385813,26.0,62.0,10.0,43.0,46.0,27.0,30.0,61.5,10.5,26.0,60.0,17.0,3.462437,2375915.1435772525,784973.4652317279,1,forest
254,483.0,481.0,697.0,3408.0,1994.0,1267.982,0.0035558343,0.07680475,0.7517348,-0.4819769,0.5758554,-0.2617549,29.0,62.0,23.0,39.0,47.0,9.0,40.0,58.0,19.5,31.0,58.0,27.5,4.157703,2375925.4988583513,785085.1543350088,1,forest
256,522.0,527.0,740.0,2627.0,1302.0,1636.5403,0.0044292808,0.11922264,0.66846615,-0.27522036,0.44572902,-0.33723593,21.0,64.0,15.0,44.0,36.0,32.0,21.0,58.5,21.5,29.0,61.0,14.0,7.6160398,2375687.6972245406,785046.322030888,7,mangroves
257,456.0,470.0,725.0,3973.0,1924.0,767.57184,0.0010636449,0.03999781,0.7940844,-0.4526236,0.6669069,-0.34746483,22.0,62.0,15.0,27.0,57.0,25.0,21.5,62.0,19.5,29.0,61.0,18.0,5.231168,2375526.080873108,784888.4039941295,1,forest
258,421.0,457.0,721.0,4385.0,1869.0,923.33386,0.0009300709,0.03913579,0.8248023,-0.44324327,0.7349723,-0.40230247,6.0,78.0,15.0,28.0,56.0,22.0,26.0,63.5,15.0,35.0,60.0,18.0,2.6517692,2375673.2737972997,784933.5234332035,7,mangroves
259,780.0,601.0,917.0,4125.0,2288.0,923.681,0.0014664233,0.049382426,0.6819571,-0.42776906,0.58489245,-0.2864494,18.0,74.0,8.0,23.0,64.0,34.0,23.0,70.0,41.0,21.0,71.0,21.0,3.6060908,2375600.4169981387,784919.1000059585,4,buildup
260,986.0,770.0,1052.0,2596.0,1579.0,1228.5193,0.008301854,0.0749215,0.4494696,-0.20030409,0.3160085,-0.24359283,22.0,57.0,13.0,46.0,22.0,53.5,22.0,39.0,55.0,38.5,52.0,33.0,0.0,2375435.517785382,784802.1381698106,5,baresoil
261,926.0,771.0,1014.0,1971.0,928.0,1501.7234,0.010517538,0.111130215,0.36071798,0.04428426,0.22244453,-0.35977924,3.0,56.0,39.0,46.0,33.0,42.0,30.0,47.0,39.5,33.0,39.0,27.0,0.0,2375578.850799773,784844.1286867041,7,mangroves
315,1320.0,1164.0,1600.0,1023.0,887.0,743.79065,0.008282661,0.07606213,-0.12676054,0.2866908,-0.072701454,-0.07120422,48.0,28.0,26.0,39.0,28.0,42.0,37.0,38.0,25.0,39.0,40.0,32.0,2.2129893,2379973.566862414,786796.7218954457,5,baresoil
316,1605.0,1178.0,1703.0,1111.0,1003.0,1151.0315,0.011897743,0.09974095,-0.18188512,0.25868443,-0.10372921,-0.051088,20.0,18.0,62.0,26.0,20.0,68.0,34.0,20.0,46.0,25.5,26.0,48.0,0.7843158,2379906.011640522,786919.5187620007,5,baresoil
317,1328.0,1144.0,1585.0,4577.0,4237.0,1362.4595,0.0029976368,0.04804323,0.5502117,-0.4555136,0.5816327,-0.038575005,40.0,53.0,5.0,38.0,33.0,28.0,31.0,62.5,35.0,42.0,56.0,2.0,2.978391,2379848.2282023937,787306.9445705098,5,baresoil
318,1328.0,1144.0,1585.0,4577.0,4237.0,1362.4595,0.0029976368,0.04804323,0.5502117,-0.4555136,0.5816327,-0.038575005,40.0,53.0,5.0,38.0,33.0,28.0,31.0,62.5,35.0,42.0,56.0,2.0,2.978391,2379851.617260348,787300.3923917975,5,baresoil
319,1059.0,889.0,1184.0,824.0,755.0,853.90405,0.0125385225,0.10882476,-0.12480082,0.22124809,-0.055896476,-0.043698575,30.0,20.0,50.0,56.5,26.5,61.0,33.0,25.5,51.5,43.0,29.0,36.0,3.7705982,2379672.6750003467,787361.5084035784,5,baresoil
320,747.0,682.0,972.0,2793.0,1715.0,826.959,0.0020872355,0.056441925,0.5779661,-0.27651656,0.42064145,-0.23913045,35.0,41.0,17.0,52.0,32.0,40.5,37.0,42.0,16.5,35.5,48.0,23.0,2.577244,2379666.0098530343,787378.6796305485,5,baresoil
321,2166.0,1822.0,2082.0,3668.0,2942.0,916.87573,0.00097996,0.04511669,0.2574563,-0.17117837,0.2888684,-0.10983359,40.0,30.0,30.0,44.0,27.0,27.5,39.0,34.0,27.5,41.0,31.0,36.5,3.346564,2379562.078742428,787696.4602980902,5,baresoil
322,858.0,709.0,1013.0,3625.0,2586.0,869.52924,0.0026730895,0.05034086,0.61722064,-0.43706584,0.51410204,-0.16728388,24.0,37.0,36.0,46.0,30.0,30.5,28.0,39.5,29.0,35.0,38.0,29.0,0.0,2378627.602495749,788474.13613007,5,baresoil
323,974.0,918.0,1256.0,2511.0,1764.0,849.9612,0.0056616366,0.05806537,0.44103298,-0.16821197,0.33500433,-0.17473683,8.0,59.0,32.0,24.0,53.0,24.0,18.0,62.0,22.0,15.0,60.0,25.0,0.0,2378393.5315596852,788972.1017121975,5,baresoil
324,974.0,918.0,1256.0,2511.0,1764.0,849.9612,0.0056616366,0.05806537,0.44103298,-0.16821197,0.33500433,-0.17473683,8.0,59.0,32.0,24.0,53.0,24.0,18.0,62.0,22.0,15.0,60.0,25.0,0.0,2378388.786878547,788963.5160987128,5,baresoil
325,887.0,905.0,1215.0,2351.0,1600.0,837.54926,0.008295625,0.067918316,0.45213097,-0.13676731,0.33622706,-0.19007847,28.0,61.0,23.0,31.5,52.0,17.0,21.0,62.0,18.5,19.0,65.0,15.0,0.0,2378393.0796852903,788956.0601712125,5,baresoil
326,1650.0,1364.0,1830.0,4921.0,3829.0,1240.4155,0.0028701425,0.04751353,0.4977933,-0.35324264,0.5604482,-0.124800004,24.0,64.0,85.0,43.0,55.0,43.0,24.0,66.0,17.0,27.5,70.0,28.0,0.8145282,2378156.2975028646,789550.0490620543,5,baresoil
327,1650.0,1364.0,1830.0,4921.0,3829.0,1240.4155,0.0028701425,0.04751353,0.4977933,-0.35324264,0.5604482,-0.124800004,24.0,64.0,85.0,43.0,55.0,43.0,24.0,66.0,17.0,27.5,70.0,28.0,0.8145282,2378152.0046961186,789540.3337625847,5,baresoil
328,1650.0,1364.0,1830.0,4921.0,3829.0,1240.4155,0.0028701425,0.04751353,0.4977933,-0.35324264,0.5604482,-0.124800004,24.0,64.0,85.0,43.0,55.0,43.0,24.0,66.0,17.0,27.5,70.0,28.0,0.8145282,2378142.515333848,789530.6184631147,5,baresoil
329,1112.0,968.0,1270.0,3900.0,2581.0,694.001,0.0007736385,0.034182973,0.556265,-0.34043103,0.52358776,-0.20351794,18.0,73.0,8.0,21.0,56.0,19.5,20.0,67.0,10.0,19.0,72.0,11.5,0.9557601,2372063.3361434992,783911.7298272981,5,baresoil
330,569.0,523.0,760.0,3883.0,2173.0,883.42303,0.000893265,0.052402727,0.7443846,-0.48175925,0.61946243,-0.2823646,7.0,81.0,10.0,8.0,59.0,17.0,7.5,78.5,13.0,10.0,74.0,7.0,2.6432061,2372081.862993648,783895.91422351,5,baresoil
331,1112.0,968.0,1270.0,3900.0,2581.0,694.001,0.0007736385,0.034182973,0.556265,-0.34043103,0.52358776,-0.20351794,18.0,73.0,8.0,21.0,56.0,19.5,20.0,67.0,10.0,19.0,72.0,11.5,0.9557601,2372060.624897137,783899.0773442676,5,baresoil
332,1836.0,1576.0,1843.0,3801.0,2884.0,1010.7533,0.0026895702,0.045171175,0.3485897,-0.22022422,0.3779719,-0.1371728,16.0,61.0,25.0,25.0,42.0,38.0,20.0,60.0,24.0,20.0,61.0,22.5,-0.7094057,2369699.5811887663,783656.6467319161,5,baresoil
333,965.0,768.0,1200.0,4010.0,2728.0,1159.4045,0.0017442107,0.054967448,0.61206025,-0.38900203,0.5422008,-0.19026417,10.0,72.0,15.0,19.5,44.0,38.0,14.0,67.5,14.0,10.0,62.0,37.0,0.0662006,2369634.9631504305,783636.7642585827,5,baresoil
334,950.0,712.0,1083.0,3800.0,2747.0,847.8058,0.0013709664,0.04344779,0.6,-0.43446472,0.50317794,-0.16083704,12.0,76.0,13.0,34.0,38.0,35.0,15.5,53.0,27.0,11.5,76.0,10.0,-1.1952672,2368777.7574251196,783497.5869452471,5,baresoil
335,1126.0,872.0,1171.0,3619.0,3126.0,666.3992,0.0012008548,0.03455901,0.52539515,-0.45496857,0.45048785,-0.0730912,15.0,73.0,11.0,22.0,39.0,35.0,14.0,66.0,21.5,16.0,73.0,11.0,-1.4842745,2369207.9418481546,783565.3681043388,5,baresoil
336,1126.0,872.0,1171.0,3619.0,3126.0,666.3992,0.0012008548,0.03455901,0.52539515,-0.45496857,0.45048785,-0.0730912,15.0,73.0,11.0,22.0,39.0,35.0,14.0,66.0,21.5,16.0,73.0,11.0,-1.4842745,2369206.134350579,783588.8655728239,5,baresoil
337,859.0,668.0,1023.0,4015.0,2710.0,801.1771,0.0009889305,0.040472575,0.6475174,-0.45191532,0.5572427,-0.19405203,8.0,78.0,14.0,39.0,39.0,28.0,14.0,56.5,20.5,6.0,80.0,14.0,-1.3361887,2368805.773637544,783516.5656697928,5,baresoil
338,915.0,696.0,1076.0,4023.0,2632.0,855.2448,0.00080537796,0.049160045,0.62940466,-0.41963324,0.5436228,-0.20901574,5.0,79.0,14.0,43.0,39.0,22.0,8.0,67.0,15.0,5.0,82.0,12.0,-1.3690761,2368851.4129513307,783515.210046611,5,baresoil
339,1100.0,894.0,1291.0,4050.0,2882.0,778.0403,0.0014162362,0.037010975,0.5728156,-0.38126048,0.52886343,-0.16849396,15.0,75.0,11.0,43.0,38.0,25.0,23.0,61.5,14.0,14.5,76.0,11.0,-1.1692356,2368833.3379755737,783533.7368967626,5,baresoil
340,1156.0,914.0,1158.0,3100.0,3446.0,596.9399,0.0023501515,0.021877594,0.45676696,-0.49695918,0.36871257,0.052856687,14.0,49.0,37.0,12.0,30.0,60.0,19.0,43.0,36.0,15.0,44.0,43.0,-0.36276704,2366455.574914633,782897.9496244814,5,baresoil
342,809.0,603.0,958.0,3335.0,3322.0,646.3074,0.001992613,0.032228712,0.609556,-0.55233645,0.4620788,-0.0019528423,19.0,63.0,19.0,21.0,32.0,58.0,18.5,58.0,22.0,20.0,63.0,35.0,0.18899783,2366556.794778877,782877.16340236,5,baresoil
343,1252.0,975.0,1241.0,3259.0,3476.0,756.57117,0.0027820766,0.03651718,0.4449124,-0.47381812,0.37281272,0.032219782,12.0,51.0,35.0,26.0,24.0,51.0,15.0,48.5,33.0,14.0,54.0,35.0,-1.4769005,2366487.206122209,782863.6071705419,5,baresoil
344,992.0,781.0,1101.0,3079.0,3022.0,610.0282,0.0014101863,0.02944465,0.51265043,-0.46592286,0.3960603,-0.009342766,14.0,59.0,25.0,24.0,37.0,46.0,17.0,58.0,29.5,12.0,69.0,22.0,0.19040988,2366670.667126151,782951.2708029671,5,baresoil
345,1639.0,1427.0,1611.0,2888.0,3148.0,398.37408,0.0012868047,0.02204315,0.27590013,-0.322967,0.2597862,0.043074872,9.0,50.0,49.0,9.0,33.0,58.0,27.0,41.5,35.0,8.0,48.0,50.0,0.0,2366585.7147400877,782930.4845808457,5,baresoil
346,1147.0,864.0,1181.0,3317.0,3792.0,750.2874,0.001821816,0.03845487,0.48611113,-0.52503514,0.395437,0.06681673,26.0,57.0,27.0,16.0,34.0,57.0,24.0,50.0,35.0,11.0,62.0,34.0,0.0,2366633.6134258476,782916.0246002394,5,baresoil
355,898.0,793.0,1199.0,1904.0,1549.0,1840.084,0.014744699,0.15666607,0.35902926,-0.12736534,0.22169335,-0.10280916,24.0,68.0,31.0,48.0,30.5,57.5,45.5,44.0,43.0,24.0,70.0,36.5,0.0,2366601.0784694827,782702.739886297,6,water
356,1828.0,1469.0,1743.0,1860.0,1463.0,1823.4028,0.0043473244,0.12130374,0.008676816,0.087336235,0.006773654,-0.11947036,25.0,33.0,61.0,42.5,30.0,59.0,50.0,27.5,53.5,41.0,33.0,18.0,0.05529421,2365178.577877343,782313.2241587162,5,baresoil
357,2415.0,1948.0,2215.0,2574.0,2067.0,3689.302,0.010067403,0.24137518,0.031870116,0.03456328,0.03191746,-0.10924371,16.0,15.0,82.0,35.0,18.0,55.5,38.0,14.5,81.5,23.5,17.0,62.0,0.19238044,2365209.3053361326,782325.8766417465,5,baresoil
361,783.0,622.0,1065.0,4140.0,2376.0,1060.9144,0.0023424625,0.054562993,0.6819013,-0.3809939,0.59214705,-0.27071825,11.0,76.0,11.0,29.5,54.0,38.5,21.0,61.5,7.0,10.0,75.0,13.5,9.645103,2363205.2423989833,781939.9759093169,3,grassland
362,627.0,519.0,891.0,4042.0,1778.0,671.5461,0.0007867217,0.035223246,0.73142,-0.3323342,0.61370087,-0.3890034,7.0,76.0,15.0,53.0,46.0,41.0,9.0,66.5,16.0,12.0,74.0,14.0,3.1680465,2363100.859413983,781960.7621314386,3,grassland
364,641.0,563.0,831.0,3726.0,2532.0,905.93396,0.0016870201,0.04665742,0.7064346,-0.5057984,0.57773703,-0.19079576,9.0,74.0,17.0,29.0,52.0,23.0,28.0,61.0,18.0,12.0,74.0,17.0,3.3595836,2363284.772292319,781940.2018465139,3,grassland
366,1151.0,949.0,1291.0,3761.0,2891.0,818.05835,0.0011655092,0.03976833,0.5313518,-0.38259205,0.48156762,-0.13078776,14.0,73.0,12.0,28.0,54.0,27.5,17.0,61.0,12.0,15.0,72.0,16.0,6.704105,2363263.5341958026,781918.0600012108,3,grassland
367,1789.0,1442.0,1851.0,4307.0,2732.0,1443.5612,0.002680838,0.055794068,0.41305774,-0.19223216,0.44249964,-0.22375338,11.0,67.0,27.0,42.0,50.0,32.0,22.0,56.5,34.0,11.5,66.0,30.5,0.0,2363256.5301426975,781909.4743877256,3,grassland
369,561.0,479.0,882.0,4558.0,1764.0,826.1439,0.00071817636,0.041040212,0.78081656,-0.33333334,0.6972403,-0.44194874,2.0,82.0,15.0,61.0,51.0,29.0,5.0,71.5,13.0,7.5,79.0,15.0,2.9644532,2363100.6334767854,781937.2646629532,3,grassland
370,469.0,479.0,750.0,3470.0,1732.0,550.7258,0.0013798773,0.038052414,0.7618685,-0.39564866,0.59114367,-0.33410227,5.0,68.0,30.0,18.0,51.0,32.5,14.5,68.0,23.0,15.0,64.5,27.5,3.5847716,2346720.6385706044,799691.5240127349,7,mangroves
371,1270.0,1078.0,1423.0,3204.0,1877.0,1058.1688,0.0039781034,0.06596976,0.43227535,-0.13757579,0.37954313,-0.26116905,21.0,66.0,28.0,26.5,42.0,49.0,20.5,60.0,27.0,47.0,56.5,34.5,2.3433669,2346728.7723096935,799709.8249256895,7,mangroves
372,428.0,433.0,689.0,3429.0,1365.0,550.14685,0.0006068349,0.035439953,0.7780658,-0.32911396,0.5884544,-0.43053818,12.0,87.0,11.0,35.0,53.0,28.0,36.0,83.0,13.0,56.0,78.5,16.5,7.8442373,2346100.2150277165,800189.0377204694,7,mangroves
374,494.0,459.0,653.0,2855.0,1144.0,855.99335,0.0034139752,0.06722526,0.7049866,-0.27323315,0.47691184,-0.42785695,10.0,73.0,25.0,31.5,46.0,36.0,30.5,71.5,25.0,43.0,60.0,28.0,0.0,2346128.457177338,800164.184628802,7,mangroves
375,494.0,459.0,653.0,2855.0,1144.0,855.99335,0.0034139752,0.06722526,0.7049866,-0.27323315,0.47691184,-0.42785695,10.0,73.0,25.0,31.5,46.0,36.0,30.5,71.5,25.0,43.0,60.0,28.0,0.0,2346142.0134091573,800153.3396433475,7,mangroves
376,328.0,365.0,545.0,3423.0,1272.0,539.26355,0.0015833974,0.028665677,0.82511336,-0.4001101,0.6114909,-0.45814693,14.0,88.0,7.0,22.0,54.0,16.0,21.0,80.5,11.0,15.0,81.0,15.0,8.807933,2346157.151201355,800151.984020166,7,mangroves
377,328.0,365.0,545.0,3423.0,1272.0,539.26355,0.0015833974,0.028665677,0.82511336,-0.4001101,0.6114909,-0.45814693,14.0,88.0,7.0,22.0,54.0,16.0,21.0,80.5,11.0,15.0,81.0,15.0,8.807933,2346178.841172263,800166.2180635747,7,mangroves
378,328.0,365.0,545.0,3423.0,1272.0,539.26355,0.0015833974,0.028665677,0.82511336,-0.4001101,0.6114909,-0.45814693,14.0,88.0,7.0,22.0,54.0,16.0,21.0,80.5,11.0,15.0,81.0,15.0,8.807933,2346175.0002399143,800151.3062085746,7,mangroves
379,494.0,459.0,653.0,2855.0,1144.0,855.99335,0.0034139752,0.06722526,0.7049866,-0.27323315,0.47691184,-0.42785695,10.0,73.0,25.0,31.5,46.0,36.0,30.5,71.5,25.0,43.0,60.0,28.0,0.0,2346133.653732868,800175.7074258476,7,mangroves
380,334.0,361.0,504.0,3080.0,1134.0,387.70834,0.00091671944,0.029497476,0.8043351,-0.38461533,0.5546803,-0.46179402,31.0,61.0,33.0,43.5,41.0,33.0,34.5,58.5,33.5,45.5,55.0,41.5,5.9041133,2345978.8867529426,800252.3001356219,7,mangroves
381,334.0,361.0,504.0,3080.0,1134.0,387.70834,0.00091671944,0.029497476,0.8043351,-0.38461533,0.5546803,-0.46179402,31.0,61.0,33.0,43.5,41.0,33.0,34.5,58.5,33.5,45.5,55.0,41.5,5.9041133,2345988.60205241,800245.2960825153,7,mangroves
383,342.0,380.0,568.0,4036.0,1113.0,1134.1967,0.0031570196,0.060267154,0.84376425,-0.32421178,0.6976129,-0.56768304,44.0,32.0,36.0,43.5,43.0,35.0,42.5,78.0,17.0,36.0,78.0,24.0,5.539041,2346000.576723851,800234.4510970609,7,mangroves
384,309.0,350.0,532.0,3577.0,1102.0,318.6272,0.00065529346,0.021134537,0.84096754,-0.34883726,0.63798213,-0.52895916,14.0,84.0,5.0,43.0,58.0,15.0,18.0,80.0,13.0,20.0,76.5,16.5,4.109655,2346010.969834913,800241.4551501669,7,mangroves
385,342.0,380.0,568.0,4036.0,1113.0,1134.1967,0.0031570196,0.060267154,0.84376425,-0.32421178,0.6976129,-0.56768304,44.0,32.0,36.0,43.5,43.0,35.0,42.5,78.0,17.0,36.0,78.0,24.0,5.539041,2346021.8148203674,800239.421715394,7,mangroves
386,384.0,377.0,577.0,3582.0,1270.0,469.44635,0.00083070993,0.025981883,0.80635405,-0.375203,0.6122449,-0.47650453,15.0,92.0,7.0,37.5,39.5,32.5,23.0,83.0,12.0,39.0,78.0,16.0,6.9165235,2346033.337617413,800232.869536682,7,mangroves
387,384.0,377.0,577.0,3582.0,1270.0,469.44635,0.00083070993,0.025981883,0.80635405,-0.375203,0.6122449,-0.47650453,15.0,92.0,7.0,37.5,39.5,32.5,23.0,83.0,12.0,39.0,78.0,16.0,6.9165235,2346030.1744966563,800221.5726768333,7,mangroves
388,384.0,377.0,577.0,3582.0,1270.0,469.44635,0.00083070993,0.025981883,0.80635405,-0.375203,0.6122449,-0.47650453,15.0,92.0,7.0,37.5,39.5,32.5,23.0,83.0,12.0,39.0,78.0,16.0,6.9165235,2346035.822926578,800213.8908121359,7,mangroves
389,614.0,517.0,708.0,3335.0,2417.0,397.8903,0.0005506277,0.025832478,0.68903524,-0.54687995,0.517635,-0.15959668,4.0,75.0,17.0,14.5,68.0,19.0,5.5,71.0,17.0,12.0,62.5,19.5,1.968488,2341393.491340384,792222.2662180146,5,baresoil
390,614.0,517.0,708.0,3335.0,2417.0,397.8903,0.0005506277,0.025832478,0.68903524,-0.54687995,0.517635,-0.15959668,4.0,75.0,17.0,14.5,68.0,19.0,5.5,71.0,17.0,12.0,62.5,19.5,1.968488,2341406.369760611,792200.3503099083,5,baresoil
391,822.0,730.0,965.0,3975.0,2234.0,595.2608,0.0011972487,0.030125784,0.65728587,-0.3966864,0.58684486,-0.2803994,8.0,80.0,10.0,13.0,73.0,14.0,11.5,78.0,11.0,14.0,75.0,14.5,4.483814,2341561.588614931,792161.489112029,5,baresoil
392,406.0,377.0,635.0,4199.0,1739.0,369.41238,0.00038564205,0.019328704,0.8236699,-0.46503788,0.6867645,-0.41428092,10.0,81.0,8.0,14.0,73.0,12.5,13.5,79.0,10.0,11.0,75.5,13.5,5.13865,2341582.8267114474,792172.7859718775,5,baresoil
393,418.0,412.0,864.0,3640.0,1646.0,226.26212,0.00032681227,0.012843772,0.7939872,-0.31155378,0.61686325,-0.37722287,6.0,87.0,7.0,21.5,64.0,13.5,9.0,81.0,10.0,8.0,79.5,8.5,9.194073,2341048.4852406057,791945.4931517227,2,cropland
394,515.0,477.0,933.0,4508.0,1804.0,535.49207,0.00071665645,0.023923386,0.7949432,-0.31823164,0.71199316,-0.42839032,5.0,95.0,27.0,23.0,65.0,16.5,11.0,89.0,34.0,11.0,70.5,51.0,15.022067,2341090.509559244,791975.3168617234,2,cropland
395,333.0,387.0,886.0,5011.0,1761.0,669.94666,0.00036385655,0.027827352,0.87537426,-0.3305629,0.8290504,-0.4799173,4.0,94.0,22.0,16.5,70.5,17.0,5.0,90.0,27.0,18.0,68.5,52.0,10.962187,2341135.696998639,791996.103083845,2,cropland
396,363.0,406.0,870.0,4807.0,1770.0,594.2358,0.0011095405,0.029039605,0.8595745,-0.3409091,0.79698706,-0.46176064,9.0,89.0,27.0,15.0,66.5,21.5,10.0,84.5,19.0,17.0,65.5,47.0,10.339589,2341158.2907183333,792017.3411803603,2,cropland
398,886.0,693.0,985.0,3797.0,2140.0,1494.0043,0.003024727,0.07697781,0.62161005,-0.3696,0.52297795,-0.2790972,4.0,83.0,11.0,21.0,61.0,17.0,7.5,81.5,13.0,14.0,80.0,12.5,6.471439,2341027.924955684,792910.9227943873,5,baresoil
399,886.0,693.0,985.0,3797.0,2140.0,1494.0043,0.003024727,0.07697781,0.62161005,-0.3696,0.52297795,-0.2790972,4.0,83.0,11.0,21.0,61.0,17.0,7.5,81.5,13.0,14.0,80.0,12.5,6.471439,2341031.0880764406,792905.2743644635,5,baresoil
